"","Stock_ID","Date","Stock_Price","Volume_Traded","Market_Cap","PE_Ratio","Dividend_Yield","Return_on_Equity","Sector","Performance"
"1","QNaySPxCMRBC","2021-07-14","1132.43","934512","1058269424.16","17.16","0.46","5.09","Consumer Goods","Positive"
"2","7mHFA7pLbHSW","2020-11-16","452.33","500394","226343218.02","17.79","2.85","11.55","Energy","Stable"
"3","VjBZzknDmBZO","2023-03-22","824.41","134785","111118101.85","17.48","1.7","14.85","Energy","Negative"
"4","YXkJfMmkKltl","2023-01-02","1163.22","587495","683385933.9","23.31","2.75","15.47","Healthcare","Stable"
"5","4dxsSjaNTtCL","2023-06-05","990.52","438658","434499522.16","9.72","6.94","18.22","Technology","Positive"
"6","JbvRy59cd3Is","2023-03-15","385.52","397203","153129700.56","22.54","8.48","12.8","Consumer Goods","Stable"
"7","XgdcIQcFxt8V","2021-09-25","1490.26","794008","1183278362.08","13.33","5.08","8.84","Finance","Stable"
"8","LxcceyWZdAQu","2020-02-18","100.57","966011","97151726.27","14.68","9.54","13.51","Consumer Goods","Negative"
"9","ZuTHoWlAUQu2","2023-02-25","389.2","133698","52035261.6","15.41","0.78","15.3","Energy","Negative"
"10","Zqipa4GQlX1I","2023-08-19","987.64","822394","812229210.16","12.76","5.23","17.66","Technology","Stable"
"11","ASjStb49sL5G","2020-01-24","124.21","69501","8632719.21","2.23","7.25","14.43","Finance","Positive"
"12","HM5EQaW7edKj","2020-12-21","137.43","265296","36459629.28","13.44","1","16.25","Energy","Stable"
"13","U2cvApEvua0z","2024-06-12","950.98","821913","781622824.74","15.21","7.84","13.32","Technology","Stable"
"14","pnrauUL8niaW","2020-06-13","898.76","34091","30639627.16","6.31","4.5","8.17","Finance","Stable"
"15","GwijdDLBKsOf","2021-09-13","444.19","72229","32083399.51","17.75","4.46","9.42","Technology","Negative"
"16","gJTG52cfMdmw","2024-04-04","1387.34","300106","416349058.04","12.01","7.3","17.66","Energy","Stable"
"17","7x17JOGBkY1u","2021-02-13","1041.1","634911","661005842.1","22.24","4.93","14.11","Healthcare","Positive"
"18","8RReEzQF7TC7","2022-06-17","1003.63","530062","531986125.06","16.32","1.07","10","Technology","Stable"
"19","B428ewIAHtri","2023-08-13","391.6","895012","350486699.2","11.06","9.21","9.88","Technology","Positive"
"20","kcFVoXLkKeZ6","2021-08-23","772.86","682033","527116024.38","15.84","2.4","9.24","Finance","Positive"
"21","YWSoOXebqMLw","2023-07-30","1481.13","614268","909810762.84","16.29","6.54","12.45","Healthcare","Stable"
"22","v2CFyvnBMo1y","2022-07-20","1490.37","574094","855612474.78","19.56","8.84","11.25","Technology","Negative"
"23","LCMbvveY2mb0","2022-09-23","731.08","335771","245475462.68","14.22","8.89","9.17","Healthcare","Stable"
"24","Az22oMj7Lkvs","2021-09-12","1100.79","773871","851869458.09","4.83","9.76","15.64","Energy","Stable"
"25","Nx29oyFcYFBo","2024-03-20","543.19","977985","531231672.15","8.5","4.82","12.06","Energy","Stable"
"26","5sf5B5IYlg0M","2023-05-20","1267.16","912127","1155810849.32","10.71","0.96","14.27","Consumer Goods","Positive"
"27","AGwsUw2RTqWH","2022-05-09","707.57","285985","202354406.45","17.13","9.3","10.86","Healthcare","Negative"
"28","DLFlUZnWC6lX","2020-09-15","1494.39","183867","274769006.13","13.58","3.16","12.52","Energy","Stable"
"29","1EyCmwG7SI61","2023-08-30","1228.14","707394","868778867.16","11.93","4.7","15.1","Finance","Stable"
"30","ABcF1pkKnsYx","2021-04-25","780.74","31022","24220116.28","10.78","5.56","14.03","Energy","Negative"
"31","DNjUQJxqgQy9","2023-08-14","854.28","508241","434180121.48","15.77","8.21","14.82","Finance","Stable"
"32","GQsfp3jhxqsL","2020-01-24","577.46","722269","417081456.74","10.74","6.36","6.52","Consumer Goods","Stable"
"33","rPu6EGkrtU1R","2023-03-27","172.82","236678","40902691.96","13.01","3.65","12.53","Energy","Positive"
"34","t38m4VSR2BD4","2020-10-25","742.21","201226","149351949.46","10.3","4.8","11.42","Finance","Stable"
"35","n1XNt8bU2N7n","2021-02-09","797.42","822180","655622775.6","8.06","1.41","10.05","Technology","Positive"
"36","YUKgo1Ya8gIg","2020-11-09","495.87","62871","31175842.77","19.78","2.38","10.32","Technology","Positive"
"37","qWA24Pi0ZFDY","2024-07-29","1187.02","279002","331180954.04","8.41","8.42","17.03","Finance","Stable"
"38","TmYdDFddFsMF","2023-08-08","525.39","22546","11845442.94","15.37","8.13","13.29","Healthcare","Stable"
"39","lQOa2JOM2qIr","2022-04-15","821.77","8127","6678524.79","12.16","9.89","11.57","Technology","Negative"
"40","GKztg4f8ZXIQ","2022-09-08","769.13","1593","1225224.09","9.71","7.29","14.82","Technology","Negative"
"41","0ZxLI3CeGOrs","2020-05-25","1176.39","184805","217402753.95","16.3","3.72","10.36","Healthcare","Stable"
"42","lvuNbuSvO13n","2024-07-02","329.5","324366","106878597","16.87","5.1","12.42","Consumer Goods","Stable"
"43","b3MdLJqQsozR","2023-10-03","718.48","362167","260209746.16","21.32","9.29","16.34","Finance","Stable"
"44","g3StB6UvxkPd","2020-07-15","832.77","797960","664517149.2","16.63","5.78","11","Energy","Stable"
"45","x0P3a2z1V34c","2024-03-19","767.69","488166","374760156.54","14.31","4.06","9.6","Technology","Negative"
"46","FT9BXrHDeKwI","2020-08-13","834.5","161433","134715838.5","28.01","2.12","10.36","Healthcare","Stable"
"47","A49yOwo2eNX1","2021-05-18","1059.32","606773","642766774.36","11.75","8.22","8.85","Finance","Negative"
"48","wfOYxI42bEos","2023-10-10","592.51","614622","364169681.22","9.98","4.92","12.76","Consumer Goods","Stable"
"49","s149GX1rPGJ0","2022-09-10","1275.48","94391","120393832.68","12.32","1.61","12.98","Consumer Goods","Stable"
"50","pze8Nvu9RZuE","2021-12-27","1390.68","766928","1066551431.04","14.45","7.1","14.57","Finance","Positive"
"51","kTkQo4GR4Tnn","2022-08-02","248.83","57833","14390585.39","18","6.09","17.41","Finance","Stable"
"52","5DByPkiAj82p","2023-06-22","389.14","919358","357758972.12","17.08","1.1","16.22","Energy","Positive"
"53","aX24z2AmxWMr","2022-07-10","781.3","720143","562647725.9","14.47","2.23","8.25","Finance","Stable"
"54","j7DrXFjBw7GY","2021-09-17","553.35","197257","109152160.95","10.72","5.47","18","Energy","Stable"
"55","376rYNbhOaWF","2020-09-18","760.4","9063","6891505.2","20.64","0.88","12.42","Finance","Stable"
"56","N6KNz5X5tczO","2021-01-24","920.52","344362","316992108.24","19.58","1.29","10.84","Technology","Positive"
"57","5rRpU3sqNtce","2020-05-09","413.53","707873","292726721.69","11.38","7.44","17.57","Finance","Positive"
"58","Z5egGtzJ7dNv","2023-10-27","1127.64","293885","331396481.4","18.43","8.83","13.29","Healthcare","Stable"
"59","fsfQ7xRR59oL","2022-10-23","310.68","60138","18683673.84","17.25","9.46","17.19","Consumer Goods","Negative"
"60","Bl8oUs6saYHa","2021-01-08","1076.57","898253","967032232.21","20.23","2.57","11.87","Finance","Positive"
"61","GQ3Y0xr3xvtN","2023-11-29","469.75","990257","465173225.75","15.75","2.15","9.81","Energy","Negative"
"62","SNYpdAMmgZnZ","2022-02-08","697.05","700335","488168511.75","9.29","2.08","6.1","Technology","Negative"
"63","pJsmKodHSO6m","2022-10-11","1109.87","401629","445755978.23","19.01","1.88","15.38","Energy","Positive"
"64","BkO2bYt3nn6X","2021-11-28","764.26","554570","423835668.2","11.36","1.98","9.34","Energy","Positive"
"65","jMBcoLAn6iX3","2021-10-11","574.02","94861","54452111.22","17.64","1.42","14.61","Energy","Negative"
"66","Ctrr9khvpoME","2020-02-09","436.83","78487","34285476.21","23.37","6.95","12.36","Energy","Stable"
"67","f4HV7z0hA4eQ","2021-05-31","402.76","913088","367755322.88","7.91","3.23","13.42","Consumer Goods","Positive"
"68","WX9iTO0wnhBV","2020-02-02","438.88","885936","388819591.68","22.81","3.81","15.8","Consumer Goods","Positive"
"69","R7eZC0vQcAfe","2022-08-02","890.87","306872","273383058.64","21.77","7.47","10.54","Healthcare","Negative"
"70","nkoFhAzdGDw2","2020-04-12","1097.6","786171","862901289.6","12.36","2.81","10.62","Consumer Goods","Negative"
"71","5AIiJaB0X6kp","2023-06-05","251.34","222669","55965626.46","13.74","7.62","11.3","Energy","Negative"
"72","CddAjlXaDZ84","2020-04-18","826.71","102442","84689825.82","11.57","0.73","15.18","Technology","Positive"
"73","C1h8xyHLvL9Q","2022-09-28","1293.07","92901","120127496.07","12.15","6.71","10.58","Healthcare","Positive"
"74","HWTbKqZlnzqy","2023-09-14","1100.48","56639","62330086.72","17.9","9.19","11.47","Finance","Negative"
"75","ms41HwMbkn3E","2024-08-19","539.57","109284","58966367.88","10.51","7.76","14.39","Technology","Stable"
"76","FlkxpacJxi0f","2020-03-16","262.14","676847","177428672.58","14.05","7.4","14.34","Finance","Negative"
"77","aTT19fHVacti","2022-09-06","905.01","448540","405933185.4","14.28","3.2","14.39","Energy","Positive"
"78","bZklAYKkU0Yo","2024-12-05","1263.92","206659","261200443.28","14.52","6.34","12.15","Energy","Positive"
"79","hTQsm0bz5Vdw","2024-02-23","828.48","366500","303637920","15.91","4.31","14.29","Finance","Negative"
"80","2fGncs5ASjSZ","2024-04-19","1071.62","396063","424429032.06","22.98","3.33","12.86","Healthcare","Positive"
"81","RCB0iilhLafI","2022-01-02","799.87","50595","40469422.65","12.74","7.52","10.1","Finance","Positive"
"82","CQVVmfbvYfuk","2020-01-16","595.82","494074","294379170.68","11.03","0.21","17.41","Energy","Positive"
"83","EnmLaOEmTiLJ","2023-10-12","1450.73","204185","296217305.05","18.96","3.89","6.41","Healthcare","Negative"
"84","kfet2awY1nkt","2024-10-21","1391.17","289521","402772929.57","16.9","3.03","14.54","Finance","Positive"
"85","EJrtemukQt0U","2023-06-25","386.43","653178","252407574.54","16.18","1.68","13.03","Consumer Goods","Negative"
"86","PHXbtS7iOiK0","2022-10-02","1436.86","383028","550357612.08","17.95","6.15","12.07","Healthcare","Positive"
"87","v83Wr0sOS3ni","2023-09-10","1323.59","446547","591045143.73","7.94","0.84","10.17","Energy","Positive"
"88","hhE1Fc1Gwzt9","2022-09-14","1076.28","509212","548054691.36","20.32","2.16","11.22","Energy","Positive"
"89","tVUcH63bH1Bd","2024-07-11","817.63","377949","309022440.87","17.27","9.97","17.42","Healthcare","Positive"
"90","5xcoJnf7Dby0","2024-07-23","773.14","397987","307699669.18","19.76","1.26","11.71","Energy","Stable"
"91","zUvLSUjJ445X","2020-03-22","382.52","396940","151837488.8","12.01","0.45","10.85","Finance","Positive"
"92","KVxUPSoZT8M4","2022-07-02","240.32","20634","4958762.88","5.79","8.99","9.36","Energy","Negative"
"93","ZIRRvo5aX2UL","2020-11-20","761.62","520274","396251083.88","12.58","5.12","10.51","Consumer Goods","Positive"
"94","RHGolS4pmj04","2024-07-03","537.05","113561","60987935.05","10.47","0.51","11.75","Technology","Stable"
"95","wvlLWt0fSjEe","2023-10-15","1181.36","409169","483375889.84","26.11","9.73","7.93","Technology","Stable"
"96","s73k3mP9T9Gs","2022-08-08","1361.5","366108","498456042","12.93","1.58","15.43","Finance","Positive"
"97","QnOxIaFyRCpw","2020-10-22","569.32","236580","134689725.6","13.92","7.99","12.29","Healthcare","Positive"
"98","yOqKWK79oKvL","2020-05-28","1253.52","744924","933777132.48","20.31","1.56","16.4","Consumer Goods","Negative"
"99","QOQItfZvz6Tf","2022-09-22","408.05","375480","153214614","18.1","4.26","14.97","Consumer Goods","Negative"
"100","3Rred9O26foE","2024-05-11","1172.57","882024","1034234881.68","18.37","1.92","16.24","Energy","Stable"
"101","ikb1wk8NazOC","2020-04-09","884.99","700498","619933725.02","28.17","7.03","7.99","Consumer Goods","Positive"
"102","hvfqSG4QWHvX","2022-09-25","692.84","507707","351759717.88","15.83","8.01","13.74","Energy","Negative"
"103","1YIAgh8t9v98","2020-10-24","1274","613920","782134080","24.53","9.63","10.91","Consumer Goods","Negative"
"104","DTdHyWiYCCHT","2021-02-05","502.25","745786","374571018.5","16.27","0.48","11.86","Consumer Goods","Negative"
"105","8qEQFLvijZ2f","2020-03-31","759.01","870047","660374373.47","7.7","5.75","10.2","Finance","Stable"
"106","nltNPMu8d9jn","2022-02-19","1193.18","306154","365296829.72","3.86","4.21","12.65","Energy","Stable"
"107","NOvUWKOIglSN","2023-04-19","215.8","828794","178853745.2","18.25","2.85","12.28","Finance","Stable"
"108","OBlCQdK2Ic54","2022-12-13","652.32","297700","194195664","10","3.45","5.64","Consumer Goods","Positive"
"109","wJF6LxXkGb1o","2022-04-30","233.93","543001","127024223.93","15.21","9.27","14.56","Healthcare","Stable"
"110","fuh3OCImDJyf","2020-10-14","286.67","243910","69921679.7","23.89","9.07","12.46","Consumer Goods","Positive"
"111","NfUWXxPVzRUj","2021-12-20","409.58","861769","352963347.02","16.74","9.69","9.08","Finance","Positive"
"112","8Xc3rU97xZbH","2024-11-16","483.77","24541","11872199.57","13.56","7.99","8.7","Healthcare","Positive"
"113","Q1oJ4RvtHiBk","2020-02-29","518.68","352661","182918207.48","5.38","1.62","9.93","Healthcare","Negative"
"114","IfV0Ab0mY4nE","2023-08-01","624.7","458902","286676079.4","11","2.73","7.25","Energy","Negative"
"115","P5edmTAqxQCk","2022-04-28","788.03","399373","314717905.19","12.12","7.64","12.41","Consumer Goods","Stable"
"116","WJxba5U57J7d","2024-07-01","1330.04","780507","1038105530.28","18.42","8.23","16.51","Energy","Stable"
"117","IrKDxHHI7qlk","2022-08-26","1148.22","713649","819426054.78","17.42","5.51","12.58","Consumer Goods","Negative"
"118","YIXNvqqesyPJ","2021-01-11","1437.26","884248","1270894280.48","15.07","1.45","13.58","Energy","Negative"
"119","QOSJCO7xeOQ3","2021-09-29","564.69","572465","323265260.85","15.9","7.59","7.55","Finance","Stable"
"120","V8swFDyAKhmI","2021-03-02","1253.83","874370","1096311337.1","13.56","0.87","7.38","Energy","Positive"
"121","7wbQDsER66Uf","2021-03-17","285.73","153745","43929558.85","15.15","7.01","9.31","Energy","Negative"
"122","m1QMO0KkkwqU","2023-02-09","274.58","825520","226671281.6","16.36","8.29","14.16","Energy","Negative"
"123","0fJWovw3i0Rf","2021-08-06","1119.35","362562","405833774.7","17.25","4.92","9.35","Consumer Goods","Positive"
"124","joa6hXgWv8dQ","2023-08-01","867.79","488890","424253853.1","24.14","5.48","13.68","Consumer Goods","Negative"
"125","LDqODXNH0dZk","2022-08-08","951.92","454593","432736168.56","9.44","6.69","11.34","Energy","Stable"
"126","jh2bzuA46eNv","2024-03-16","272.13","444407","120936476.91","22.37","0.35","13.15","Technology","Negative"
"127","cTKJgPBAl3Y7","2023-03-10","1327.01","514686","682993468.86","18.36","1.13","8.88","Technology","Negative"
"128","yxevTYY0h5C1","2024-10-07","1279.29","290851","372082775.79","7.27","6.88","9.15","Finance","Negative"
"129","90nUX640AaXg","2022-08-26","164.73","998470","164477963.1","13.61","0.8","11.69","Energy","Positive"
"130","sBZyUSJLEPGM","2020-11-06","1089.83","323941","353040620.03","11.85","3.16","11.37","Technology","Positive"
"131","fVH2ZWNXYxqA","2022-06-30","848.71","830610","704947013.1","10.33","7.64","6.63","Energy","Positive"
"132","mfTU9MifYw95","2021-04-18","1423.64","541314","770636262.96","7.31","3.5","13.61","Finance","Negative"
"133","qmoLF5zL0GjD","2022-03-21","1376.84","624571","859934335.64","12.53","5.34","6.15","Energy","Stable"
"134","JhZm9ROmGygf","2024-04-26","738.37","319564","235956470.68","12.82","8.93","10.75","Energy","Negative"
"135","fgldeSSYSLy5","2020-02-11","1171.73","414945","486203504.85","13.38","4.48","12.17","Consumer Goods","Positive"
"136","n7T2vCfdSS9W","2022-01-29","807.06","102358","82609047.48","4.69","3.28","9.89","Energy","Positive"
"137","dTh6Gp9l5PBR","2023-06-28","383.57","111207","42655668.99","17.21","0.47","7.79","Energy","Negative"
"138","rmglA03t0cAG","2024-01-04","1103.99","413128","456089180.72","18.73","3.89","10.8","Energy","Stable"
"139","gC7hcyxq0KSE","2024-08-19","1175.31","724870","851946959.7","18.95","2.85","11.67","Finance","Negative"
"140","A9pnVHddZba4","2020-01-25","1088.93","749265","815897136.45","18.85","2.7","9.23","Technology","Negative"
"141","dbAEtGwnR8Qx","2021-12-03","368.27","341604","125802505.08","16","5.76","7.93","Energy","Positive"
"142","2GZT0XQT4CDi","2024-04-16","517.06","579336","299551472.16","22.34","6.29","8.42","Technology","Negative"
"143","QyhVv9KVPPPs","2023-06-15","555.18","31828","17670269.04","10.62","3.13","10.41","Energy","Positive"
"144","JBNOlqxawsS2","2021-06-09","900.63","357235","321736558.05","8.87","6.89","10.64","Energy","Positive"
"145","iEHE4Sh6dHw1","2021-09-14","1335.49","135816","181380909.84","16.69","5.32","16.26","Consumer Goods","Stable"
"146","Qj2Kba4S8iJe","2020-09-18","1327.94","666051","884475764.94","17.2","7.6","8.14","Healthcare","Stable"
"147","K256qAc2B1Cp","2024-03-07","640.19","684195","438014797.05","11.27","6.5","13.14","Energy","Positive"
"148","6SdRoNK8qhNc","2022-07-31","1132.88","999861","1132722529.68","15.18","4.97","10.75","Technology","Positive"
"149","bTreDrX4hkKp","2020-10-25","1214.85","136604","165953369.4","16.62","4.45","12.28","Technology","Negative"
"150","YRePsho5LbjX","2024-01-09","1113.83","458636","510842535.88","16.9","3.21","10.01","Energy","Stable"
"151","wfGVvV5NBiYC","2021-12-20","639.61","516892","330609292.12","19.38","6.66","14.41","Finance","Negative"
"152","2oc91bEXAzpV","2021-01-03","517.41","144791","74916311.31","19.67","0.08","6.89","Energy","Negative"
"153","85tGCDMnC5rG","2021-05-26","180.46","739606","133469298.76","2.86","4.04","12.46","Technology","Negative"
"154","5plKpaLe5Ulg","2022-01-27","1043.17","432392","451058362.64","23.64","8.47","12.08","Consumer Goods","Negative"
"155","ANBrFxA6wxj3","2023-10-24","377.19","490678","185078834.82","17.28","3.75","15.17","Consumer Goods","Stable"
"156","dfHyqO9OPrr6","2022-01-23","975.15","518125","505249593.75","12.15","8.42","11.33","Finance","Negative"
"157","AHVPDbL2TMQm","2022-03-09","293.46","690505","202635597.3","9.43","4","13.49","Finance","Negative"
"158","pYjNnZnAuRa6","2022-05-11","622.31","35525","22107562.75","19.53","7.35","13.2","Consumer Goods","Positive"
"159","kvMcSZh1M6LV","2023-06-01","539.73","197708","106708938.84","16.64","7.39","10.06","Healthcare","Positive"
"160","bKwm5qJ8eQcx","2022-02-12","1241.26","947852","1176530773.52","20.39","3.26","11.75","Consumer Goods","Stable"
"161","4kEp8CTqu2UN","2023-05-22","615.65","659650","406113522.5","14.7","7.94","11.6","Finance","Negative"
"162","PGzvGMXLMEBX","2020-10-20","715.5","677528","484771284","13.78","8.11","15.36","Finance","Positive"
"163","jhI3nRLwRKCB","2021-08-29","714.68","14885","10638011.8","26.21","9.9","12.72","Healthcare","Negative"
"164","Njej149xbZ8x","2024-03-21","942.56","45150","42556584","4.82","8.67","12.87","Healthcare","Positive"
"165","p89XCPPyODOm","2022-02-02","665.47","617285","410784648.95","16.95","1.63","19.03","Consumer Goods","Positive"
"166","e8ic2spyuDDO","2022-02-21","1441.65","548199","790311088.35","16.92","5.91","13.25","Consumer Goods","Negative"
"167","1l3114cXjEvm","2021-06-29","1459.08","544514","794489487.12","17.19","2.4","13.09","Healthcare","Negative"
"168","cnozHA9AbKdK","2021-03-01","1380.34","162100","223753114","17.79","4.82","13.6","Energy","Positive"
"169","1pp7GPSg9rjI","2021-04-15","216.02","70065","15135441.3","13.62","7.4","16.64","Technology","Positive"
"170","ML4tc831QdV5","2020-07-06","767.6","187224","143713142.4","20.83","0.28","14.88","Energy","Stable"
"171","zOh96PeDSsaI","2020-09-10","574.79","751804","432129421.16","2.73","9.49","13.02","Finance","Negative"
"172","3yxuiCL01Aea","2020-09-24","1042.81","641672","669141978.32","10.97","9.36","10.17","Finance","Positive"
"173","5e7ohPlpLN3e","2021-10-01","991.08","720884","714453714.72","14.4","8.9","13.07","Consumer Goods","Negative"
"174","0Y5sFUACczC6","2023-12-04","1302.99","864852","1126893507.48","15.82","6","12.42","Energy","Negative"
"175","gasCKh5m7rm1","2020-02-10","1427.6","451279","644245900.4","17.03","3.2","6.49","Finance","Negative"
"176","3rwzbOp8E6G6","2023-05-01","903.55","257525","232686713.75","18.2","6.54","7.38","Healthcare","Positive"
"177","fkQci0QvQkxB","2024-05-20","849.38","316064","268458440.32","7.46","2.49","6.62","Consumer Goods","Positive"
"178","gv0al3FIVSuB","2022-04-03","1418.37","241882","343078172.34","15.04","8.42","16.24","Technology","Stable"
"179","x01A35fVGWJI","2021-10-25","1349.3","456981","616604463.3","17.62","9.55","13.86","Finance","Negative"
"180","tsJM7kNdmnai","2023-01-26","674.43","153238","103348304.34","21.63","4.55","4.95","Consumer Goods","Positive"
"181","mP2BXUkBur0h","2021-06-20","170.04","541143","92015955.72","14.43","9.39","13.4","Technology","Positive"
"182","DynQhOda3ON8","2020-12-13","1189.58","170921","203324203.18","23","1.82","12.19","Energy","Negative"
"183","05VB964gZRxN","2020-04-16","1396.35","368549","514623396.15","13.59","5.85","11.23","Finance","Stable"
"184","3WBeQ5Et9Qjm","2020-11-12","628.47","451953","284038901.91","14.75","3.99","9.77","Energy","Negative"
"185","9pRYpZdR3Tux","2022-11-03","442.89","844177","373877551.53","15.8","9.55","8.19","Finance","Positive"
"186","h3auRBBIC5At","2020-06-10","222.69","628099","139871366.31","12.49","1.54","14.59","Energy","Positive"
"187","5ohS56flCZoS","2021-09-27","647.55","157759","102156840.45","18.58","4.97","10.27","Consumer Goods","Stable"
"188","q9VKeUbB4WmV","2021-12-06","355.59","587227","208812048.93","8.27","7.43","11.6","Finance","Negative"
"189","m8Bo9fdG8bZ6","2024-06-18","287.07","2457","705330.99","14.97","2.07","13.76","Energy","Stable"
"190","jhOrR6FANjHN","2024-04-16","460.45","16497","7596043.65","12.3","4.06","13.61","Healthcare","Stable"
"191","zGjbrfJDP1zg","2022-06-24","874.55","634255","554687710.25","12.26","4.8","10.82","Technology","Positive"
"192","CnGbR8re0cyS","2024-09-16","307.3","532862","163748492.6","20.76","4.5","10.38","Energy","Positive"
"193","8m6oM9k1C31J","2022-03-06","1448.06","475202","688121008.12","20.26","5.32","12.78","Consumer Goods","Stable"
"194","JycFo6siKnvj","2021-09-21","1422.33","217740","309698134.2","22.99","3.73","8.47","Healthcare","Stable"
"195","s1J9ocq25PwD","2022-11-26","1489.2","15968","23779545.6","13.68","0.59","12.92","Energy","Stable"
"196","TpgJS8FCwPuc","2023-03-07","1088.69","580208","631666647.52","15.16","8.66","12.52","Finance","Stable"
"197","8xUQh42zKcgS","2023-10-24","297.09","489923","145551224.07","7.24","4.32","12.75","Technology","Negative"
"198","Mz1e4aBQZL2s","2022-10-05","112.58","153716","17305347.28","13.06","1.06","11.17","Technology","Positive"
"199","gkrjHMp8p6Uk","2022-02-11","1061.09","51571","54721472.39","23.82","3.38","6.83","Finance","Negative"
"200","MUQ11wikdLRx","2024-04-19","1053.71","66061","69609136.31","12.92","4.31","5.98","Finance","Stable"
"201","0ac4ifBIqqi4","2020-03-18","1384.52","165972","229791553.44","9.17","6.88","8.12","Consumer Goods","Negative"
"202","7mApPU9g9CuO","2021-06-09","671.79","168972","113513699.88","15.21","0.63","13.1","Energy","Stable"
"203","7Sbq3bUiiErG","2024-08-18","691.42","456742","315800553.64","21.23","2.98","11.54","Healthcare","Stable"
"204","8BEooWiaNQWB","2023-01-25","852.25","694150","591589337.5","7.11","4.89","9.8","Finance","Stable"
"205","JglidgSaCjbc","2024-10-30","679.11","341044","231606390.84","13.73","6.85","9.65","Finance","Positive"
"206","NQ1BA325pnvS","2021-04-27","236.7","882261","208831178.7","17.34","4.96","13.65","Healthcare","Positive"
"207","zLykEK6vGnt8","2020-06-30","632.37","371739","235076591.43","24.89","7.04","7.17","Finance","Positive"
"208","9gE8EkORkE4T","2024-02-06","377.2","769659","290315374.8","11.92","6.43","14.24","Consumer Goods","Stable"
"209","UQ2Oqxn5bkPR","2023-02-24","1115.03","469202","523174306.06","22.6","3.9","13.35","Finance","Stable"
"210","qOjg7DzuGb9K","2024-12-27","115.41","915561","105664895.01","12.84","5.07","9.39","Healthcare","Positive"
"211","fzbEYL4OX0ep","2024-02-25","1386.4","913311","1266214370.4","9.84","4.83","11.71","Energy","Positive"
"212","zADTlfCVcmAl","2024-04-27","1360.32","898737","1222569915.84","9.33","7.44","14.68","Consumer Goods","Negative"
"213","1i0EohW2eA1b","2024-09-11","1155.82","85148","98415761.36","13.89","9.91","16.05","Healthcare","Negative"
"214","RTXGwuFFmjUS","2024-03-09","1432.69","618439","886031370.91","14.89","4.95","16.47","Energy","Positive"
"215","poZDYaQFXXX5","2022-09-18","975.82","132383","129181979.06","13.39","9.39","13.11","Consumer Goods","Positive"
"216","QdRgn3Q1CUSV","2020-12-02","1018.33","74115","75473527.95","20.26","5.4","11.36","Technology","Negative"
"217","68x3zoUKVHAp","2021-06-22","633.93","794051","503372750.43","15.95","9.4","13.37","Finance","Negative"
"218","cvpLmgUUtDxO","2024-04-14","191.85","653248","125325628.8","14.47","9.16","11.23","Healthcare","Negative"
"219","Nbfys5NOYO8L","2023-04-18","1067.23","945018","1008551560.14","11.99","5.23","8.99","Consumer Goods","Stable"
"220","BK0BF0ILrY8H","2022-05-17","278.48","765945","213300363.6","8.52","8","14.53","Technology","Negative"
"221","SULOLjYqvO7b","2020-07-30","507.85","937885","476304897.25","5.2","2.01","14.08","Finance","Positive"
"222","kFFB8qnb66A3","2024-05-29","985.11","114706","112998027.66","16.07","9.3","15.78","Healthcare","Stable"
"223","qwSlw5ziZtmr","2020-07-19","646.03","578660","373831719.8","15.13","7.16","17","Finance","Negative"
"224","XNH4ENrKlagt","2023-11-25","198.6","518160","102906576","21.83","7.64","16.42","Finance","Stable"
"225","ok7K8VYrhmsm","2020-03-02","1309","505546","661759714","16.46","5.26","14.37","Energy","Negative"
"226","v4ZS8a7xAvuB","2023-07-16","639.27","523761","334824694.47","18.99","3.08","11.89","Technology","Stable"
"227","eevTFWT8jDdv","2023-11-06","1039.06","601993","625506846.58","15.2","10","11.73","Finance","Positive"
"228","7f4E02kNipUn","2023-02-21","129.67","704476","91349402.92","10.91","5.33","10.76","Healthcare","Positive"
"229","y9bqJMsUqKEf","2022-12-22","933.32","641175","598421451","16.45","0.27","9.66","Healthcare","Positive"
"230","W1oqpuRu63x6","2021-07-14","486.74","215977","105124644.98","16.7","0.46","10.83","Consumer Goods","Positive"
"231","YJJbNTKQ2FQw","2021-07-26","658.78","973376","641240641.28","10.91","4.2","13.84","Healthcare","Positive"
"232","pxz6IBQDkUQ1","2024-07-09","304.14","634461","192964968.54","14.86","5.83","13.15","Energy","Positive"
"233","IPMEaH0XG2YQ","2024-11-27","1253.71","897114","1124720792.94","25","9.31","8.38","Consumer Goods","Positive"
"234","gAA5H722gpjc","2021-06-23","296.57","442751","131306664.07","9.35","4.49","15.59","Energy","Negative"
"235","TYVW0hvsNkH1","2020-01-02","1372.67","551922","757606771.74","22.36","0.18","15.87","Technology","Positive"
"236","VhjUwNeY8BTz","2021-11-01","1359.89","168657","229354967.73","13.86","8.45","16.45","Consumer Goods","Negative"
"237","XeZmpESWDnu6","2024-07-29","369.29","131948","48727076.92","22.41","3.98","8.33","Energy","Stable"
"238","zMN9pgrao4LH","2023-02-24","845.21","144422","122066918.62","10.78","7.04","10.76","Healthcare","Negative"
"239","kRt7zeePWsAI","2023-05-16","830.97","442962","368088133.14","14.67","6.31","10.77","Energy","Stable"
"240","VYl7kfBMV18V","2022-02-09","324.47","394073","127864866.31","16.56","8.68","10.65","Energy","Stable"
"241","edXktgYTqtiw","2022-01-10","827.39","224358","185631565.62","14.44","4.13","10.31","Consumer Goods","Stable"
"242","C54fTZz0mihM","2020-09-25","414.3","719058","297905729.4","18.29","9.9","10.32","Technology","Negative"
"243","jctTxWp4t6qB","2022-11-01","494.12","598695","295827173.4","14.17","1.76","9.09","Consumer Goods","Positive"
"244","vNsk3LEiPDUw","2021-12-05","805.16","307284","247412785.44","21.04","2","10.31","Finance","Positive"
"245","yUeNrqOIZfQ2","2021-10-31","322.54","272785","87984073.9","15.85","4.51","11","Consumer Goods","Positive"
"246","RAx1cIddTNHE","2024-05-05","1388.88","5537","7690228.56","18.46","4.59","12.58","Finance","Stable"
"247","Qp6CUlDisBvZ","2021-03-19","798.64","406986","325035299.04","9.07","9.1","13.82","Healthcare","Negative"
"248","7A6pJpTLYzmZ","2021-11-07","961.48","862641","829412068.68","11.71","4.77","14.87","Technology","Positive"
"249","9hbeGnG3hdY4","2024-05-01","1141.5","481347","549457600.5","20.45","0.89","9.6","Consumer Goods","Positive"
"250","liCRXvQqqqUd","2023-05-06","963.55","78973","76094434.15","17.54","2.8","12.13","Healthcare","Negative"
"251","DDlchznVZlCR","2022-06-30","1402.2","623270","873949194","14.32","9.21","19.01","Consumer Goods","Positive"
"252","4urRpHVw0hSv","2022-10-30","212.53","312511","66417962.83","14.46","9.6","10.61","Consumer Goods","Negative"
"253","nQJdcv9AhZ50","2022-08-24","139.37","733558","102235978.46","18.77","8.2","14.22","Healthcare","Negative"
"254","IYt9PIv3ddtp","2023-07-02","858.14","625997","537193065.58","13.88","1.74","9.9","Energy","Negative"
"255","TdkXh4L5wdoz","2023-05-09","437.68","2371","1037739.28","15.37","1.08","15.2","Healthcare","Stable"
"256","CMsyJJ0PPYAp","2024-11-03","1002.77","430676","431868972.52","6.77","4.21","13.64","Finance","Negative"
"257","LzGm0JJGpi2A","2024-03-18","628.83","568629","357570974.07","23.87","0.67","9.25","Finance","Positive"
"258","vHwVA5zt8aY7","2022-04-29","165.6","731257","121096159.2","18.83","6.35","15.08","Energy","Positive"
"259","LDtN6OJh4inW","2020-06-29","167.4","440567","73750915.8","19.16","5.14","15.38","Technology","Negative"
"260","i8RcDHAHX95v","2022-01-20","1447.98","786835","1139321343.3","5.47","5.7","14.65","Healthcare","Stable"
"261","yI8xT0HbOnTi","2023-07-31","417.05","364666","152083955.3","14.9","6.13","3.7","Energy","Negative"
"262","hZC0AZmnyqlE","2024-11-22","115.95","91945","10661022.75","12.96","4.62","12.43","Finance","Stable"
"263","fZZBWQ1LiIJg","2021-04-07","405.87","525055","213104072.85","8.12","8.82","16.56","Technology","Positive"
"264","ckvcRLieEJvx","2021-08-27","178.31","314248","56033560.88","18.64","4.05","11.49","Technology","Stable"
"265","vSmGmBcWedgi","2023-08-29","428.96","568982","244070518.72","21.17","4.85","10.03","Energy","Positive"
"266","QWIBNahlLh1f","2020-03-24","663.77","783897","520327311.69","12.23","5.08","11.54","Energy","Negative"
"267","leaBFmPIezw6","2022-09-11","120.03","915264","109859137.92","13.85","6.63","4.85","Technology","Stable"
"268","rGGizStFgqes","2021-04-08","606.47","6757","4097917.79","23.56","2.89","8.59","Technology","Negative"
"269","JxhGk0RoggCq","2022-09-10","918.3","378298","347391053.4","6.75","9.01","11.74","Finance","Negative"
"270","sgSA2IKfbtjo","2020-08-12","948.11","217596","206304943.56","18.72","3.13","14.51","Technology","Stable"
"271","7FWMSuJCA15e","2024-05-15","469.21","22180","10407077.8","13.43","8.79","12.64","Finance","Stable"
"272","aI8YDCmTI5cF","2023-01-30","1045.21","932840","975013696.4","14.42","8.16","13.92","Healthcare","Stable"
"273","qBarWwG7DNB7","2020-06-19","1410.13","1526","2151858.38","11.95","7.96","8.9","Healthcare","Negative"
"274","dv1bfU7mZFtV","2021-05-03","105.03","642690","67501730.7","20.48","9.31","16.46","Technology","Stable"
"275","hROHc63MHvOt","2024-08-12","1201.76","537977","646519239.52","9.36","6.27","15.57","Finance","Positive"
"276","0txvc6qEUKgg","2022-07-10","1229.71","322338","396382261.98","19.81","1.67","13.85","Energy","Stable"
"277","yAVZc1hOe7jB","2021-11-24","202.25","900402","182106304.5","22.03","6.48","11.48","Energy","Stable"
"278","P9Nj7AMkKQHf","2024-05-09","893.8","2501","2235393.8","6.79","4.71","14.58","Finance","Negative"
"279","hGcO8LKPbUdr","2024-05-08","854.87","602459","515024125.33","9.37","8.85","10.14","Technology","Positive"
"280","XCGGx6fdGbtH","2022-10-19","292.75","585164","171306761","17.96","7.64","9.37","Healthcare","Positive"
"281","KKxIVI9zf0tZ","2024-09-04","486.87","479397","233404017.39","10.22","8.65","5.31","Technology","Stable"
"282","Dm9Dbb2LNuHc","2023-12-15","592.58","329618","195325034.44","11.54","6.23","12.58","Energy","Positive"
"283","kq2L3hOYBreq","2024-04-27","1237.93","328634","406825887.62","12.77","4.75","5.06","Consumer Goods","Stable"
"284","O9Hove1DzZaH","2023-05-15","340.16","375727","127807296.32","13.28","9.34","11.93","Energy","Negative"
"285","Eo8y8ll6q8Fy","2023-01-13","829.63","65875","54651876.25","18.52","6.42","13.32","Technology","Negative"
"286","riaIGguBm769","2020-06-01","1170.47","654831","766460040.57","11.98","2.81","14.37","Energy","Negative"
"287","nsubP0HSmlwG","2022-08-18","504.26","504611","254455142.86","15.45","9.55","15.07","Consumer Goods","Positive"
"288","KHf4xqPlMUFm","2020-08-27","711.49","463324","329650392.76","18.69","3.32","13.85","Finance","Positive"
"289","8J5mi4Nr48hS","2020-02-18","1037.23","547982","568383369.86","7.3","9.29","9.42","Consumer Goods","Positive"
"290","GV2mFh8sTjlK","2023-03-08","151.69","893782","135577791.58","11.55","6.9","14.67","Energy","Positive"
"291","qPgUDfgI8LlC","2020-06-04","884.9","930290","823213621","19.3","1.64","12.19","Energy","Positive"
"292","Q3LwjjdO1i1t","2020-09-30","1405.34","601882","845848849.88","13.12","3.56","6.41","Consumer Goods","Negative"
"293","y7Zou6vhTc5U","2024-05-09","708.47","81014","57395988.58","2.32","9.26","11.66","Energy","Stable"
"294","450NwgTyo7P2","2023-06-03","1410.73","918742","1296096901.66","10.71","9.77","6.65","Finance","Negative"
"295","t8cMcGO4S1px","2022-01-31","1469.62","193492","284359713.04","19.08","4.66","8.84","Consumer Goods","Negative"
"296","0UCD8GLy9tkE","2020-06-18","1047.47","251454","263390521.38","12.87","3.06","10.14","Healthcare","Stable"
"297","tvptrfnbo0AU","2020-10-18","517.58","401920","208025753.6","12.98","0.58","10.24","Consumer Goods","Positive"
"298","26zIGix23JRA","2020-05-27","391.55","159555","62473760.25","14.27","6.39","14.78","Healthcare","Stable"
"299","R6ZIAtNmn5Ti","2021-12-19","546.46","600311","328045949.06","18.6","9.02","11.8","Technology","Negative"
"300","H9JczWFcjVth","2020-07-07","1296.12","312020","404415362.4","12.54","8.28","9.19","Energy","Stable"
"301","8YMleattsTTC","2023-02-10","185.48","680582","126234349.36","17.38","5.34","10.1","Consumer Goods","Stable"
"302","dLZRb4Q31COj","2022-11-16","354.86","125320","44471055.2","17.87","1.49","10.27","Healthcare","Negative"
"303","cyePU6eGOO2t","2021-08-28","777.37","645808","502031764.96","9.91","8.33","12.56","Healthcare","Stable"
"304","QNRF0MoV8zjw","2021-10-06","573.6","658124","377499926.4","14.69","8.67","13.62","Energy","Negative"
"305","aiAwa6t6ZsNd","2023-01-14","1238.71","870978","1078889158.38","12.31","9.74","10.74","Finance","Negative"
"306","VtNX32YDBx33","2024-07-07","1318.61","138540","182680229.4","17.08","0.8","10.98","Healthcare","Negative"
"307","1NLajO3hEvff","2020-09-06","126.83","751794","95350033.02","7.46","8.6","13.55","Finance","Positive"
"308","6VvMC5JWsdhW","2020-06-17","1254.65","893335","1120822757.75","22.7","1.81","9.39","Finance","Negative"
"309","nQ74rWUzgiV5","2022-06-25","661.78","858252","567974008.56","21.73","3.62","11.52","Healthcare","Positive"
"310","Qdyl5tv9MMEp","2022-01-01","1040.88","511757","532677626.16","10.79","9.84","11.57","Technology","Positive"
"311","kIL2oVAb89tA","2021-07-03","266.14","315499","83966903.86","11.65","4.46","9.7","Energy","Positive"
"312","lWQZgYW6W9JQ","2023-10-17","766.99","319807","245288770.93","10.46","8.58","10.02","Consumer Goods","Negative"
"313","bgSptK2ukPHj","2021-04-01","1395.48","597107","833250876.36","14.32","1.62","11.08","Technology","Positive"
"314","IQTxuw4WBwP4","2022-07-07","904.78","85454","77317070.12","12.49","1.88","9.35","Technology","Negative"
"315","ZzZ0yraITqZk","2020-04-24","1377.85","775380","1068357333","15.56","2.06","11.71","Technology","Negative"
"316","BJlvEnA4fliL","2024-12-07","1157.42","961937","1113365122.54","5.62","0.23","8.17","Healthcare","Stable"
"317","3quI1aqOW6sZ","2022-01-01","983.4","540247","531278899.8","15.79","6.88","13.13","Consumer Goods","Stable"
"318","iEvxUln585SS","2023-05-21","1212.19","229481","278174573.39","15.08","0.05","10.59","Consumer Goods","Negative"
"319","vOlJ4EGeYjB4","2023-08-08","1392.97","840691","1171057342.27","7","3.82","14.4","Finance","Stable"
"320","DQxd8yalnFaZ","2023-12-20","330.26","792808","261832770.08","16.38","9.74","13.28","Finance","Stable"
"321","QikTJkwZHg79","2023-05-22","370.04","761110","281641144.4","15.27","7.45","10.46","Technology","Positive"
"322","0cbc9OWf3kpy","2022-09-11","236.7","200755","47518708.5","13.85","9.08","10.96","Finance","Negative"
"323","PIrrhJpribao","2021-03-13","1260.75","924247","1165244405.25","14.93","7.97","13.83","Finance","Negative"
"324","v3Kv6sy3Orpy","2021-09-16","1228.21","974040","1196325668.4","16.92","2.14","14.21","Technology","Stable"
"325","NMbPhA1NdGA9","2021-06-25","490.98","6376","3130488.48","16.73","6.42","13.43","Healthcare","Stable"
"326","ytkotAOZXrdu","2021-11-29","728.64","790232","575794644.48","12.84","0.87","12.98","Consumer Goods","Stable"
"327","eCAoPK6xv9Pu","2024-02-01","976.23","603142","588805314.66","20.75","3.45","6.66","Technology","Stable"
"328","l8RCmRdaqwo7","2022-07-05","619.29","136376","84456293.04","14.82","9.77","12.36","Healthcare","Positive"
"329","g0L5KWifD5sj","2022-08-23","635.25","233856","148557024","14.32","0.67","7.75","Technology","Positive"
"330","jYgeWepLcfRj","2024-05-01","1380.27","673038","928974160.26","19.72","8.12","12.23","Consumer Goods","Positive"
"331","N2SroAaoJGPA","2023-02-02","646.42","638519","412751451.98","19.96","5.46","10.02","Energy","Negative"
"332","0xbjpt7OXBJ9","2023-05-10","198.41","432650","85842086.5","11.5","2.45","11.68","Healthcare","Positive"
"333","DjXeElTjuH2C","2020-03-28","1090.51","932067","1016428384.17","10.04","1.5","8.46","Technology","Stable"
"334","FoKot3oATm6m","2023-10-25","1070.2","86780","92871956","11.47","4.39","11.51","Consumer Goods","Stable"
"335","bxXNgsVq4eNC","2021-01-25","234.61","821441","192718273.01","9.12","7.41","16.56","Technology","Positive"
"336","vu2eYXwUKTgl","2021-02-01","151.66","802130","121651035.8","6.09","9.39","17.48","Finance","Positive"
"337","J1eD5yGJrCzm","2020-09-24","661.32","275799","182391394.68","16.55","7.8","4.53","Consumer Goods","Negative"
"338","Kce3tePLYDmj","2024-09-12","116.15","848427","98544796.05","14.27","8.37","7.04","Energy","Negative"
"339","0xjDB1X4NlTA","2022-03-29","895.05","155615","139283205.75","18.21","6.24","7.74","Healthcare","Stable"
"340","oycVI7Xdo1hN","2024-03-25","1422.93","975343","1387844814.99","14.99","1.3","8.17","Technology","Stable"
"341","4R0eehMVeIcp","2023-02-18","580.62","169566","98453410.92","17.05","1.5","18.24","Energy","Negative"
"342","JBeciKpSX7B7","2024-06-12","442.3","404916","179094346.8","12.52","6.21","15.05","Finance","Positive"
"343","Qk6uYv4Xys1s","2020-02-06","858.35","295859","253950572.65","10.2","2.25","11.67","Finance","Negative"
"344","R7y98qCX1I3F","2021-12-06","264.79","227264","60177234.56","18.89","8.51","14.94","Finance","Negative"
"345","923KeMvECL8Y","2020-06-11","624.87","595873","372343161.51","18.81","3.12","18.78","Technology","Stable"
"346","sG4sdAmJyUgL","2023-12-12","558.52","152590","85224566.8","6.33","7.87","13.91","Consumer Goods","Stable"
"347","C2uH3UhgXG04","2024-12-23","1426.09","354552","505623061.68","19.39","5.59","17.33","Finance","Positive"
"348","TMeDVqw5KJ5s","2020-02-15","1374.8","695169","955718341.2","6.13","8.09","8.56","Energy","Positive"
"349","OtZt0ULljeSb","2023-08-03","1167.42","220049","256889603.58","14.77","9.91","8.76","Healthcare","Negative"
"350","ihwq2Dvgl3uH","2022-05-08","1161.3","247411","287318394.3","13.03","2.82","15.2","Technology","Stable"
"351","kcX1ybPM11Wb","2024-01-27","1497.89","246019","368509399.91","14.36","1.79","14.68","Healthcare","Positive"
"352","15uk4Js8EXMi","2022-05-17","912.56","133413","121747367.28","20.48","7.21","14.61","Technology","Negative"
"353","vtga5EQ5MzBR","2021-01-10","398.6","74730","29787378","8.72","0.16","13.46","Consumer Goods","Positive"
"354","j8zn8iPJzka7","2022-03-31","286.97","922739","264798410.83","13.67","9.75","10.59","Energy","Negative"
"355","MeUL2lRY8f6U","2020-10-06","1209.2","941834","1138865672.8","27.77","4.52","14.85","Energy","Negative"
"356","aPE4hjfudyYt","2022-07-22","1474.67","981883","1447953403.61","7.61","0.49","17.54","Consumer Goods","Stable"
"357","hz8z6YDgsyTa","2022-01-25","1474.87","435533","642354555.71","11.87","2.01","15.72","Consumer Goods","Positive"
"358","Q3PZXNhPVppK","2022-09-07","275.62","597569","164701967.78","14.79","1.05","7.86","Energy","Negative"
"359","tirqZivFYiaq","2023-11-28","965.6","962374","929268334.4","16","0.15","13.42","Consumer Goods","Positive"
"360","YMlOGaDUw65a","2021-12-15","1301.46","352658","458970280.68","12.33","9.32","12.04","Healthcare","Stable"
"361","tN3exITSzZdW","2023-06-02","295.14","37393","11036170.02","13.67","1.91","12.26","Healthcare","Negative"
"362","G7ohbOlQbsuh","2023-11-03","613.21","626853","384392528.13","20.42","9.7","11.45","Consumer Goods","Stable"
"363","pwLcaow2ZftJ","2020-07-24","319.98","136180","43574876.4","14.1","3.54","8.2","Energy","Positive"
"364","rUaMnuI4TzyA","2023-10-03","726.98","321952","234052664.96","16.26","9.32","12.99","Technology","Positive"
"365","b6tRKh0kBgPU","2024-12-29","780.22","644887","503153735.14","16.85","1.35","16.06","Finance","Stable"
"366","6enpUfAsrzNf","2021-08-27","1430.28","874946","1251417764.88","17.04","8.54","16.91","Finance","Positive"
"367","7lSvYdztbrMe","2023-08-17","1366.66","660872","903187327.52","17.46","7.63","13.44","Finance","Positive"
"368","9OZjMInUbGvs","2023-10-13","1416.23","987624","1398702737.52","15.27","6.4","9.79","Finance","Stable"
"369","aQ5zBnUpjczA","2022-07-06","1182.89","906440","1072218811.6","11.46","8.18","10.25","Finance","Negative"
"370","kji16bd55THk","2021-11-14","229.1","214122","49055350.2","14.71","5.02","10.17","Healthcare","Negative"
"371","ntphLXHuOlyN","2022-02-03","122.74","439018","53885069.32","10.18","3.73","13.81","Healthcare","Stable"
"372","0TRPr5Qq7IkZ","2021-10-08","566.91","438306","248480054.46","15.47","8.91","11.29","Technology","Negative"
"373","om6HN9k3D8Ti","2024-12-01","438.59","63450","27828535.5","13.26","0.69","20.71","Consumer Goods","Stable"
"374","PgQkQJtdrXgF","2020-06-07","1208.9","177918","215085070.2","14.41","0.74","11.2","Finance","Positive"
"375","PY27AIrcBjNT","2022-07-16","794.94","392469","311989306.86","9.5","7.24","12.44","Energy","Positive"
"376","rY5fx0Sg0S9q","2022-09-04","819.43","40237","32971404.91","13.58","9.53","11.38","Energy","Stable"
"377","OEuCr9leeMSG","2022-07-23","201.36","379317","76379271.12","9.55","1.96","10.07","Finance","Stable"
"378","IN8FqBX4pNzs","2021-10-14","583.19","56155","32749034.45","12.97","4.36","14.54","Technology","Positive"
"379","fbRgq1K0fHy2","2023-11-02","1158.85","228335","264606014.75","17.63","2.03","10.42","Energy","Stable"
"380","GkAq8otRi0ts","2024-04-14","639.17","589707","376923023.19","16.2","9.26","12.01","Technology","Stable"
"381","lbaGaeXuFsYm","2022-12-13","109.69","444427","48749197.63","19.49","5.59","11.15","Healthcare","Positive"
"382","NZlL8t70w8QK","2021-05-28","1105.81","977185","1080580944.85","17.44","3.75","3.51","Energy","Positive"
"383","uYqoDTAAG01b","2021-06-23","879.76","435460","383100289.6","15.56","1.64","13.95","Technology","Negative"
"384","cnIc4sCAt6sb","2021-01-21","198.12","977605","193683102.6","19.99","9.7","12.47","Healthcare","Positive"
"385","s2Ftw0BjknQ7","2022-07-17","586.94","969684","569146326.96","20.96","3.84","9.44","Consumer Goods","Stable"
"386","vckx31vCMuFN","2024-07-04","678.21","47830","32438784.3","8","4.86","16.09","Healthcare","Positive"
"387","MK6tJi6XvVTr","2022-09-15","536.32","59425","31870816","19.46","2.2","8.21","Consumer Goods","Positive"
"388","096aNW0N1B2N","2023-05-20","1132.6","438714","496887476.4","18.89","3.35","6.67","Consumer Goods","Stable"
"389","pMbDPt4mJX7k","2022-01-16","643.68","497175","320021604","19.71","6.53","9.94","Healthcare","Stable"
"390","XghdQtcIrqVi","2023-07-12","967.19","872288","843668230.72","10.46","7.53","8.45","Consumer Goods","Negative"
"391","90y4aLJuRpbk","2023-03-07","972.96","667441","649393395.36","27.04","1.99","14.37","Energy","Negative"
"392","RHFWkUSQG81N","2024-09-30","1223.38","926018","1132871900.84","2.03","2.86","12.26","Healthcare","Negative"
"393","H8epjI6Yvp8k","2021-09-18","1015.7","774681","786843491.7","15.03","1.99","10.89","Finance","Negative"
"394","G7Z0fOUlHR2X","2024-06-05","1051.23","72449","76160562.27","15.59","5.66","12.03","Finance","Negative"
"395","9bbLdIbFTWUr","2023-12-03","675.06","507845","342825845.7","14.25","1.68","9.15","Consumer Goods","Negative"
"396","XmzMVh9Frcv5","2021-09-11","1028.55","740023","761150656.65","18.74","9.44","12.55","Healthcare","Stable"
"397","nDSj3Xmgso70","2020-07-20","137.96","446988","61666464.48","15.62","5.04","12.57","Technology","Negative"
"398","9AFzB0UJ1TY8","2020-03-13","1242.3","476373","591798177.9","11.11","0.47","11.78","Consumer Goods","Positive"
"399","MRud8ZyqQyXO","2024-08-09","205.06","415948","85294296.88","22.05","8.88","11.99","Healthcare","Positive"
"400","CV2H3fXzUWtD","2020-11-30","1361.35","733363","998363720.05","13.53","1.97","8.68","Energy","Negative"
"401","SatCxFbtppLz","2022-12-05","199.16","330501","65822579.16","18.05","1.87","14.81","Finance","Negative"
"402","34QlQF76SXvV","2023-06-24","367.57","318264","116984298.48","11.67","5.66","7.54","Energy","Stable"
"403","KhxO9k5H4PdD","2020-05-10","1187.7","303511","360480014.7","9.7","5.86","18.69","Finance","Stable"
"404","OzYypDuhJTwk","2023-03-19","384.39","454860","174843635.4","11.97","9.7","16.87","Energy","Stable"
"405","RWM95O96S3aY","2022-12-20","665.27","365123","242905378.21","9.72","2.56","13.56","Finance","Negative"
"406","Alretn1eEtl1","2022-11-09","724.65","327912","237621430.8","17.67","7.99","7.94","Energy","Stable"
"407","pbZzSiW5f2Zs","2021-11-12","948.81","345371","327691458.51","7.24","1.38","13.28","Consumer Goods","Positive"
"408","zYEpFRk2ryXI","2023-10-09","907.02","287673","260925164.46","10.11","2.45","7.01","Consumer Goods","Positive"
"409","WrR7t4L5NmsP","2022-09-09","183.31","927452","170011226.12","15.14","8.62","11.19","Consumer Goods","Positive"
"410","soN3M6wZuqsm","2021-06-12","355.73","191208","68018421.84","6.42","6.18","14.37","Finance","Stable"
"411","Es5opnYItV6J","2020-03-22","514.57","363538","187065748.66","12.48","2.85","14.52","Consumer Goods","Stable"
"412","yHNVRTbpFHZ2","2023-05-19","626.51","783178","490668848.78","13.48","6.53","12.1","Energy","Stable"
"413","GJarBTDqmbze","2023-04-12","1098.33","813286","893256412.38","21.73","9.47","11.29","Consumer Goods","Positive"
"414","OkFepMOBkW32","2020-09-29","275.21","976405","268716420.05","13.71","4.59","12.79","Energy","Positive"
"415","hwyOant0XMpx","2020-04-03","700.93","980391","687185463.63","12.38","2.46","7.22","Finance","Positive"
"416","LfKCfXghtlp9","2020-11-25","142.53","11455","1632681.15","11.68","5.32","10.87","Technology","Stable"
"417","E6NbQXj34Lqd","2022-07-21","735.84","11178","8225219.52","17.24","7.44","17.44","Energy","Negative"
"418","VXYGleTiEXEk","2023-12-23","1212.03","830184","1006207913.52","13.4","1.54","6.79","Healthcare","Stable"
"419","HEbV4r6doLDP","2024-09-09","759.79","815145","619339019.55","12.28","8.67","16.89","Consumer Goods","Stable"
"420","KPzqL4LshrnN","2020-06-27","430.95","825234","355634592.3","13.6","6.45","13.58","Technology","Negative"
"421","mjzMyntA6zOR","2023-01-02","1341.85","352606","473144361.1","20.33","9.84","10.92","Healthcare","Stable"
"422","135Ja5gt90LI","2020-10-30","276.33","336253","92916791.49","22.84","1.6","18.71","Energy","Negative"
"423","wFV8shgcNBD5","2022-07-18","477.04","405235","193313304.4","11.78","2.03","11.88","Healthcare","Negative"
"424","gJGNSycZTmAe","2022-08-11","1335.44","791394","1056859203.36","15.1","8.4","17.68","Energy","Positive"
"425","8HcWj2cPhp80","2021-04-17","1150.73","360936","415339883.28","13.38","5.3","12.07","Consumer Goods","Positive"
"426","OKlJvWBA39Xt","2023-10-01","236.77","179508","42502109.16","24.29","1.16","13.66","Energy","Negative"
"427","dtoxv0Tu5P3P","2022-04-08","1241.79","976138","1212158407.02","17.95","8.25","10.28","Healthcare","Positive"
"428","3YUBeXG2uCix","2023-06-08","1301.75","541344","704694552","6.1","8.45","9.21","Finance","Stable"
"429","PSkOfcMTgPtT","2023-10-21","264.02","509405","134493108.1","12.83","3.08","6","Technology","Stable"
"430","ntjmISZs9cdT","2023-02-13","292.36","530782","155179425.52","3.54","9.03","10.13","Healthcare","Positive"
"431","KFClBjWnP5Bh","2021-12-26","867.56","937740","813545714.4","14.54","7.24","14.18","Technology","Stable"
"432","W3xBxZEJFaWD","2022-10-07","182.64","698900","127647096","18.52","8.83","8.69","Technology","Positive"
"433","M0xhgqiyizNY","2020-04-17","793.73","923030","732636601.9","10.53","3.33","8.52","Technology","Positive"
"434","n65UUjuE2k99","2021-10-20","110.38","899519","99288907.22","8.59","9.96","10.68","Energy","Positive"
"435","8FltUwOrl52p","2023-09-11","1287.61","154058","198366621.38","21.28","1.29","12.48","Technology","Positive"
"436","pBJkeCqIFZxS","2024-11-06","187.84","736840","138408025.6","10.18","0.28","10.52","Technology","Positive"
"437","QAnS3gBnSypq","2021-08-23","1247.78","799952","998164106.56","19.54","0.13","15.64","Consumer Goods","Stable"
"438","X84gicaeqmSp","2024-04-14","855.1","33889","28978483.9","16.07","2.21","12.88","Energy","Stable"
"439","zk8kj9w0Kmjl","2021-09-09","798.63","46030","36760938.9","19.41","6.97","11.89","Consumer Goods","Stable"
"440","dLLSxFOgD81K","2020-04-12","131.12","731506","95915066.72","20.01","0.32","8.69","Technology","Positive"
"441","oV6jicfm0yYH","2022-01-24","875.73","738962","647131192.26","20.7","3.66","9.19","Healthcare","Positive"
"442","XOmDBCtzqSz2","2023-09-30","1107.86","280244","310471117.84","21.18","5.13","13.38","Technology","Positive"
"443","vLChWSIx4R1x","2023-07-05","430","704519","302943170","16.48","9.57","11","Energy","Stable"
"444","Ur7hdZnftsOh","2023-11-17","1236.63","311267","384922110.21","15.86","1.04","15.32","Finance","Negative"
"445","rAsGeQIjpQ1P","2023-04-22","690.06","327588","226055375.28","10.22","1.32","7.1","Healthcare","Negative"
"446","uDtRS0bd2dFv","2022-04-22","890.87","313356","279159459.72","8.95","6.18","13.01","Energy","Stable"
"447","Kjyu49AQbXbB","2023-11-14","312.37","477178","149056091.86","11.99","3.13","10.43","Healthcare","Positive"
"448","P6WOmWNzrBmt","2024-12-27","372.71","605826","225797408.46","14.32","4.89","16.39","Healthcare","Positive"
"449","xdOt9Sa8oyun","2020-07-15","333.5","718737","239698789.5","10.06","7.9","13.28","Technology","Positive"
"450","yE1ULdubATMA","2024-08-04","1269.15","947241","1202190915.15","19.16","0.15","8.92","Technology","Negative"
"451","6zCZEiCri91D","2023-04-30","255.51","845698","216084295.98","11.02","3.97","8.08","Technology","Stable"
"452","UJv05egd7zNO","2022-01-15","475.3","770027","365993833.1","16.7","6.74","12.69","Finance","Negative"
"453","ZlpPaMEmmN3c","2024-05-01","1217.87","777134","946448184.58","19.35","6.87","11.08","Technology","Stable"
"454","l8AG7VXb1JFD","2023-05-01","518.5","942339","488602771.5","9.09","9.04","11.75","Healthcare","Stable"
"455","CW8zZLXGhDxg","2023-12-19","1314.6","795610","1045908906","20.11","9.12","11.5","Finance","Positive"
"456","Roy12D2V9YOY","2022-12-08","155.19","831553","129048710.07","4.46","2.65","13.97","Finance","Negative"
"457","S3wRK0qlZhog","2021-04-04","575.75","44695","25733146.25","16.15","9.85","8.78","Consumer Goods","Positive"
"458","rl2SjSKuJ38f","2022-11-11","533.43","587690","313491476.7","22.56","0.68","22.41","Energy","Positive"
"459","M05rC4VVOgla","2024-11-27","281.24","494248","139002307.52","17.78","5.2","12.88","Technology","Negative"
"460","04npfK5VJaMx","2024-11-05","623.37","730528","455389239.36","19.57","8.84","10.39","Finance","Negative"
"461","T08Z7exzATC7","2023-11-01","750.95","439190","329809730.5","12.23","2.01","11.57","Healthcare","Positive"
"462","Vuq4Atb1s4Yd","2020-05-11","165.25","552809","91351687.25","16.49","5.89","13.63","Technology","Stable"
"463","P4dwX79qcSBa","2024-05-21","1482.52","712053","1055632813.56","20.53","1.39","13.9","Technology","Stable"
"464","yqB5wkf9iAVY","2020-07-05","1371.83","281747","386508987.01","8.35","9.33","6.68","Energy","Positive"
"465","5YUDP4zMeLSz","2020-02-22","1471.15","801977","1179828463.55","20.01","2.92","5.8","Finance","Stable"
"466","Wfyr3rSnYebd","2022-07-22","338.66","725885","245828214.1","7.95","2.68","11.73","Healthcare","Positive"
"467","uFEo1lI1DC12","2021-09-28","159.83","728338","116410262.54","12.51","3.35","14.51","Finance","Stable"
"468","ZrYSAiz3vYGy","2022-12-18","299.97","533200","159944004","28.11","2.16","12.5","Energy","Stable"
"469","u87hYpz2phLg","2022-04-16","604.81","132703","80260101.43","17.55","1.13","15.08","Technology","Stable"
"470","0PlvCaxPuSd8","2021-11-12","862.19","771521","665197690.99","14.55","8.67","13.21","Technology","Negative"
"471","vj3KzXwgtVg4","2021-12-02","1412.36","969456","1369220876.16","19.89","7.25","13.23","Energy","Stable"
"472","CmJILDuL1CNh","2023-11-28","989.77","11622","11503106.94","13.78","9.36","17.04","Consumer Goods","Stable"
"473","ii2SIOwdZ7rI","2023-03-31","778.65","881794","686608898.1","18.11","9.23","8.81","Healthcare","Positive"
"474","T7oOiercVP9k","2020-03-27","220.25","177331","39057152.75","13.28","1.1","9.63","Finance","Positive"
"475","56mvK1CdkBez","2020-08-15","1422.88","512157","728737952.16","3.22","3.29","13.17","Finance","Positive"
"476","782o4SvYfbOp","2024-05-11","585.4","896179","524623186.6","17.36","7.33","12.76","Technology","Positive"
"477","h1Sl4io3p35K","2024-08-10","617.08","404093","249357708.44","12.44","1.49","5.44","Energy","Stable"
"478","viRKDDz3Q52J","2024-04-11","973.81","235060","228903778.6","12.13","7.04","13.61","Energy","Positive"
"479","XMjir3e9SkHn","2023-04-12","1118.37","318283","355958158.71","15.02","1.01","8.13","Technology","Positive"
"480","jJFdoYL71Gnu","2023-04-12","377.1","213704","80587778.4","21.71","6.17","8.32","Energy","Positive"
"481","OBVAw2QvaPYK","2020-01-03","924.2","842885","778994317","16.48","7.79","17.18","Energy","Stable"
"482","wTNPDJEL1f1K","2021-08-29","1280.06","898672","1150354080.32","19.21","5.79","15.48","Finance","Negative"
"483","ucTiWIa9s0OC","2021-12-03","1499.13","562845","843777824.85","18.15","5.13","9.76","Energy","Negative"
"484","Q0pprHps7zZH","2021-02-05","116.01","820020","95130520.2","15.51","2.88","17","Technology","Positive"
"485","KDKcbZwV2pCn","2020-05-17","1249.86","719189","898885563.54","18.36","0.28","10.41","Finance","Stable"
"486","UULLnaQwJ0vZ","2021-04-25","387.87","887888","344385118.56","14.31","3.1","15.09","Healthcare","Positive"
"487","pE9K2Da6zCJx","2022-02-05","259.33","82310","21345452.3","8.75","4.51","16.13","Technology","Positive"
"488","578K54Mqprcg","2024-06-07","1063.32","830722","883323317.04","16.74","0.87","15.99","Healthcare","Positive"
"489","qqs3ardvAdkq","2022-03-31","482.15","543654","262122776.1","3.61","5","15.76","Finance","Stable"
"490","XDDmM2aTzUtT","2022-05-18","1252.44","736671","922636227.24","10.07","9.99","11.14","Consumer Goods","Stable"
"491","BWkVB3i26443","2021-10-30","1002.15","920371","922349797.65","14.7","1.99","10.36","Technology","Positive"
"492","ZQoAAIpGt7kT","2024-11-08","839.06","107237","89978277.22","14.2","9.04","15.76","Finance","Stable"
"493","rSXHxfpeaCHA","2021-12-08","140.11","744353","104291298.83","12.9","1.11","11.78","Technology","Stable"
"494","ZqtykBFpCnhi","2024-02-07","502.04","968567","486259376.68","19.94","6.06","9.95","Technology","Stable"
"495","AvuXTBZQ0Yu4","2022-06-23","149.82","408947","61268439.54","9.65","3.25","8.93","Healthcare","Negative"
"496","Mkn61Ghcdi3s","2023-04-06","1357.02","754447","1023799667.94","1.93","8.61","15.9","Energy","Positive"
"497","ZD6hBrjfSVOZ","2023-01-15","283.36","94898","26890297.28","18.9","2.41","14.27","Consumer Goods","Stable"
"498","E51XeE0crPZ4","2021-05-10","172.02","107444","18482516.88","15.23","3","16.44","Consumer Goods","Positive"
"499","XTJO12gVckL4","2020-08-05","609.53","938038","571762302.14","14.46","2.5","10.14","Finance","Stable"
"500","bRnpgBkegRGU","2020-11-27","1073.67","449515","482630770.05","13.04","7.14","12.78","Energy","Positive"