Date,Product,Category,Region,Payment_Method,Sales,Quantity,Discount,Profit
2024-01-01,Desk,Clothing,Jakarta,Transfer,57450.71,12,0.03,17988.26
2024-01-02,Laptop,Accessories,Bandung,E-Wallet,47926.04,17,0.23,12070.92
2024-01-03,Mouse,Clothing,Medan,Cash,59715.33,8,0.3,19266.93
2024-01-04,Tablet,Clothing,Bandung,Cash,72845.45,11,0.27,13055.86
2024-01-05,Pants,Electronics,Medan,Cash,46487.7,3,0.2,19996.65
2024-01-06,Mouse,Accessories,Surabaya,Cash,46487.95,6,0.09,13814.62
2024-01-07,Keyboard,Clothing,Makassar,E-Wallet,73688.19,9,0.08,20273.33
2024-01-08,Pants,Furniture,Jakarta,E-Wallet,61511.52,6,0.25,17180.41
2024-01-09,Rice,Food,Bandung,Cash,42957.88,9,0.26,31302.46
2024-01-10,Shirt,Food,Surabaya,Credit Card,58138.4,7,0.16,14735.52
2024-01-11,Shirt,Electronics,Bandung,E-Wallet,43048.73,9,0.07,16914.31
2024-01-12,Phone,Food,Surabaya,E-Wallet,43014.05,18,0.03,12602.88
2024-01-13,Desk,Electronics,Jakarta,Transfer,53629.43,12,0.03,15013.43
2024-01-14,Laptop,Accessories,Surabaya,Credit Card,21300.8,8,0.22,1490.82
2024-01-15,Laptop,Clothing,Bandung,Credit Card,24126.23,8,0.13,17327.92
2024-01-16,Pants,Electronics,Surabaya,E-Wallet,41565.69,18,0.27,21714.37
2024-01-17,Mouse,Furniture,Surabaya,Credit Card,34807.53,15,0.22,16983.15
2024-01-18,Keyboard,Accessories,Makassar,Cash,54713.71,7,0.06,8430.69
2024-01-19,Keyboard,Furniture,Surabaya,E-Wallet,36379.64,11,0.18,10991.06
2024-01-20,Desk,Furniture,Jakarta,Transfer,28815.44,16,0.13,2849.04
2024-01-21,Pants,Accessories,Jakarta,Cash,71984.73,4,0.17,19894.62
2024-01-22,Laptop,Electronics,Surabaya,Transfer,46613.36,6,0.22,9967.43
2024-01-23,Phone,Furniture,Jakarta,Transfer,51012.92,3,0.24,14856.46
2024-01-24,Keyboard,Furniture,Surabaya,Credit Card,28628.78,9,0.25,14231.31
2024-01-25,Pants,Electronics,Bandung,E-Wallet,41834.26,10,0.08,22438.64
2024-01-26,Tablet,Electronics,Makassar,Cash,51663.84,14,0.01,15426.41
2024-01-27,Chair,Furniture,Surabaya,Credit Card,32735.1,11,0.22,19044.46
2024-01-28,Chair,Furniture,Surabaya,Credit Card,55635.47,18,0.03,17732.32
2024-01-29,Desk,Accessories,Medan,Transfer,40990.42,12,0.09,21797.06
2024-01-30,Mouse,Clothing,Jakarta,Transfer,45624.59,12,0.0,13804.38
2024-01-31,Rice,Accessories,Bandung,Transfer,40974.4,13,0.2,24348.08
2024-02-01,Rice,Electronics,Bandung,Credit Card,77784.17,13,0.05,5071.69
2024-02-02,Phone,Food,Surabaya,E-Wallet,49797.54,19,0.2,19287.37
2024-02-03,Mouse,Furniture,Surabaya,E-Wallet,34134.34,19,0.3,10666.9
2024-02-04,Pants,Electronics,Bandung,Cash,62338.17,14,0.02,12536.25
2024-02-05,Shirt,Electronics,Jakarta,Cash,31687.35,4,0.02,17847.07
2024-02-06,Phone,Furniture,Bandung,Credit Card,53132.95,13,0.1,17807.01
2024-02-07,Tablet,Accessories,Makassar,Credit Card,20604.95,8,0.26,18032.14
2024-02-08,Rice,Accessories,Jakarta,E-Wallet,30077.21,19,0.06,8069.21
2024-02-09,Laptop,Electronics,Medan,E-Wallet,52952.92,12,0.11,22245.15
2024-02-10,Pants,Electronics,Medan,Cash,61077.0,18,0.02,10496.76
2024-02-11,Mouse,Furniture,Makassar,Transfer,52570.52,6,0.23,11163.56
2024-02-12,Pants,Food,Bandung,Transfer,48265.28,18,0.12,18189.48
2024-02-13,Rice,Food,Jakarta,Transfer,45483.44,19,0.23,13566.39
2024-02-14,Desk,Accessories,Medan,Credit Card,27822.17,5,0.27,16541.3
2024-02-15,Chair,Furniture,Surabaya,Cash,39202.34,9,0.07,4217.0
2024-02-16,Tablet,Electronics,Medan,Transfer,43090.42,3,0.24,16421.62
2024-02-17,Chair,Furniture,Medan,Transfer,65856.83,10,0.02,16089.16
2024-02-18,Chair,Clothing,Makassar,Cash,55154.27,19,0.27,12450.71
2024-02-19,Mouse,Electronics,Makassar,Cash,23554.4,3,0.2,4629.62
2024-02-20,Mouse,Food,Surabaya,Cash,54861.26,15,0.26,13935.96
2024-02-21,Phone,Accessories,Bandung,Credit Card,44223.77,1,0.0,14813.13
2024-02-22,Rice,Clothing,Makassar,Transfer,39846.17,7,0.05,13163.86
2024-02-23,Laptop,Electronics,Jakarta,Transfer,59175.14,12,0.12,5819.13
2024-02-24,Keyboard,Clothing,Surabaya,Cash,65464.99,17,0.11,22973.67
2024-02-25,Phone,Clothing,Medan,Credit Card,63969.2,5,0.07,11805.69
2024-02-26,Shirt,Electronics,Bandung,Credit Card,37411.74,4,0.11,13888.98
2024-02-27,Chair,Furniture,Bandung,Credit Card,45361.81,12,0.04,2952.63
2024-02-28,Laptop,Accessories,Makassar,Credit Card,54968.95,18,0.12,22974.28
2024-02-29,Phone,Electronics,Medan,Transfer,64633.18,17,0.24,12667.25
2024-03-01,Chair,Accessories,Makassar,Credit Card,42812.39,19,0.14,15492.31
2024-03-02,Shirt,Electronics,Medan,Cash,47215.12,9,0.01,20603.69
2024-03-03,Laptop,Accessories,Bandung,Cash,33404.98,4,0.13,11618.48
2024-03-04,Tablet,Accessories,Medan,Credit Card,32056.9,2,0.01,19816.22
2024-03-05,Keyboard,Clothing,Bandung,E-Wallet,62187.89,4,0.29,4693.37
2024-03-06,Tablet,Furniture,Jakarta,Credit Card,70343.6,2,0.04,17754.93
2024-03-07,Phone,Electronics,Makassar,Credit Card,48919.85,15,0.21,22861.21
2024-03-08,Rice,Clothing,Bandung,E-Wallet,65052.99,2,0.29,12097.92
2024-03-09,Mouse,Food,Medan,E-Wallet,55424.54,4,0.25,20594.41
2024-03-10,Shirt,Food,Bandung,Transfer,40323.2,6,0.21,24169.61
2024-03-11,Shirt,Electronics,Bandung,Transfer,55420.93,7,0.25,13725.79
2024-03-12,Chair,Accessories,Medan,Cash,73070.55,10,0.29,13312.36
2024-03-13,Laptop,Food,Bandung,Cash,49462.61,19,0.19,10508.53
2024-03-14,Mouse,Furniture,Bandung,Transfer,73469.65,19,0.17,12451.35
2024-03-15,Tablet,Food,Medan,Cash,10703.82,12,0.19,10923.2
2024-03-16,Desk,Furniture,Medan,E-Wallet,,3,0.16,10504.44
2024-03-17,Pants,Accessories,Medan,Cash,51305.71,13,0.19,20994.18
2024-03-18,Chair,Food,Jakarta,Cash,45514.89,18,0.13,11050.37
2024-03-19,Mouse,Furniture,Makassar,E-Wallet,51376.41,8,0.07,16292.61
2024-03-20,Chair,Food,Jakarta,E-Wallet,20186.47,15,0.04,15191.17
2024-03-21,Chair,Accessories,Surabaya,E-Wallet,46704.92,1,0.02,22490.47
2024-03-22,Tablet,Furniture,Makassar,Transfer,55356.69,3,0.08,12484.22
2024-03-23,Pants,Food,Bandung,Credit Card,72168.41,8,0.01,16905.74
2024-03-24,Chair,Clothing,Medan,Transfer,42225.95,4,0.17,18955.35
2024-03-25,Laptop,Food,Jakarta,Cash,37872.6,16,0.09,22448.75
2024-03-26,Shirt,Clothing,Makassar,Credit Card,42473.64,10,0.25,12411.23
2024-03-27,Phone,Electronics,Surabaya,Cash,63731.03,12,0.02,11910.54
2024-03-28,Phone,Food,Makassar,Transfer,54931.27,14,0.07,9691.09
2024-03-29,Chair,Electronics,Surabaya,E-Wallet,42053.6,14,0.22,26181.5
2024-03-30,Rice,Electronics,Bandung,Cash,57699.01,2,0.18,21922.36
2024-03-31,Keyboard,Clothing,Bandung,Credit Card,51456.16,5,0.02,14788.99
2024-04-01,Rice,Food,Surabaya,Cash,64529.67,5,0.26,24657.2
2024-04-02,Desk,Accessories,Medan,Cash,39469.2,6,0.26,14490.68
2024-04-03,Chair,Clothing,Surabaya,Transfer,45085.07,13,0.1,18622.05
2024-04-04,Chair,Electronics,Makassar,Cash,44118.38,9,0.1,15050.86
2024-04-05,Laptop,Furniture,Surabaya,Cash,28047.28,15,0.3,16989.03
2024-04-06,Desk,Electronics,Jakarta,Credit Card,54441.8,14,0.19,16458.81
2024-04-07,Phone,Furniture,Surabaya,E-Wallet,53915.83,7,0.16,12875.07
2024-04-08,Laptop,Clothing,Surabaya,Transfer,50076.7,2,0.25,20462.49
2024-04-09,Laptop,Clothing,Makassar,Transfer,46481.19,7,0.09,18579.76
2024-04-10,Keyboard,Food,Bandung,Transfer,28769.44,6,0.13,20138.47
2024-04-11,Keyboard,Accessories,Surabaya,Credit Card,43690.32,17,0.08,16601.14
2024-04-12,Laptop,Furniture,Medan,Transfer,44859.28,2,0.24,10467.15
2024-04-13,Tablet,Clothing,Makassar,Cash,37965.84,3,0.17,23546.93
2024-04-14,Laptop,Clothing,Bandung,E-Wallet,47580.71,5,0.2,13687.22
2024-04-15,Phone,Electronics,Jakarta,Cash,56060.76,5,0.08,16820.34
2024-04-16,Phone,Furniture,Makassar,E-Wallet,78292.79,1,0.07,18176.91
2024-04-17,Laptop,Food,Medan,Transfer,52618.67,8,0.15,16787.11
2024-04-18,Phone,Accessories,Makassar,Transfer,53863.26,12,0.22,19577.09
2024-04-19,Rice,Clothing,Bandung,Cash,48883.31,4,0.16,20366.89
2024-04-20,Desk,Clothing,Medan,E-Wallet,21218.43,13,0.01,13875.83
2024-04-21,Pants,Electronics,Makassar,E-Wallet,49602.29,15,0.26,23127.34
2024-04-22,Rice,Furniture,Jakarta,Transfer,,11,0.02,13665.48
2024-04-23,Pants,Accessories,Bandung,Cash,86948.63,10,0.29,16683.75
2024-04-24,Keyboard,Furniture,Bandung,E-Wallet,47114.59,3,0.01,13061.61
2024-04-25,Shirt,Clothing,Makassar,Credit Card,54523.21,14,0.21,11632.63
2024-04-26,Chair,Clothing,Bandung,Credit Card,49479.32,16,0.02,20220.96
2024-04-27,Tablet,Food,Makassar,E-Wallet,32469.83,10,0.27,30609.48
2024-04-28,Chair,Food,Jakarta,Transfer,67142.34,10,0.14,13191.2
2024-04-29,Pants,Clothing,Jakarta,E-Wallet,61279.0,12,0.04,21076.61
2024-04-30,Phone,Clothing,Surabaya,E-Wallet,61865.48,9,0.1,13370.44
2024-05-01,Chair,Electronics,Surabaya,Credit Card,36359.19,1,0.05,14947.58
2024-05-02,Mouse,Electronics,Medan,Cash,71041.91,5,0.05,23787.92
2024-05-03,Keyboard,Furniture,Jakarta,Transfer,28972.23,8,0.28,9632.32
2024-05-04,Shirt,Accessories,Surabaya,Cash,58802.86,11,0.13,8309.2
2024-05-05,Tablet,Electronics,Bandung,Credit Card,82856.83,12,0.24,14564.01
2024-05-06,Desk,Clothing,Bandung,Credit Card,35141.96,1,0.19,18318.28
2024-05-07,Shirt,Electronics,Makassar,E-Wallet,41505.53,11,0.2,17318.33
2024-05-08,Chair,Accessories,Medan,Credit Card,51494.77,5,0.04,16803.4
2024-05-09,Tablet,Accessories,Bandung,Credit Card,42447.87,15,0.07,15170.66
2024-05-10,Chair,Electronics,Bandung,E-Wallet,26740.05,5,0.24,18932.7
2024-05-11,Chair,Food,Medan,Transfer,51028.44,12,0.29,431.64
2024-05-12,Keyboard,Food,Bandung,E-Wallet,34065.44,5,0.08,11245.97
2024-05-13,Chair,Electronics,Jakarta,Credit Card,57103.89,17,0.08,14531.94
2024-05-14,Desk,Clothing,Surabaya,E-Wallet,36208.64,17,0.14,18522.67
2024-05-15,Rice,Clothing,Jakarta,Cash,73249.02,12,0.3,22448.83
2024-05-16,Phone,Food,Bandung,E-Wallet,38251.2,15,0.08,10574.5
2024-05-17,Mouse,Accessories,Makassar,Transfer,45169.08,15,0.12,22285.39
2024-05-18,Desk,Food,Medan,Transfer,62202.76,6,0.27,12737.19
2024-05-19,Shirt,Electronics,Medan,Transfer,31537.04,12,0.0,14350.45
2024-05-20,Keyboard,Clothing,Surabaya,Cash,53411.9,18,0.01,17907.16
2024-05-21,Shirt,Accessories,Makassar,E-Wallet,69607.14,14,0.18,13983.82
2024-05-22,Keyboard,Clothing,Bandung,Credit Card,25887.75,2,0.27,20550.59
2024-05-23,Pants,Clothing,Makassar,Cash,52769.51,9,0.07,12976.98
2024-05-24,Desk,Food,Makassar,Credit Card,53898.24,5,0.14,13052.33
2024-05-25,Phone,Accessories,Bandung,Credit Card,61727.34,1,0.14,20259.9
2024-05-26,Keyboard,Electronics,Medan,Credit Card,31445.74,3,0.14,11184.38
2024-05-27,Mouse,Food,Bandung,Credit Card,30193.15,6,0.19,16244.65
2024-05-28,Shirt,Food,Makassar,Transfer,57829.12,5,0.14,6697.59
2024-05-29,Keyboard,Furniture,Surabaya,Credit Card,54454.77,5,0.13,24098.2
2024-05-30,Desk,Accessories,Medan,Credit Card,53757.39,1,0.14,21032.76
2024-05-31,Chair,Electronics,Bandung,Transfer,55196.72,17,0.18,28750.54
2024-06-01,Shirt,Electronics,Jakarta,Cash,39799.63,19,0.16,21691.82
2024-06-02,Keyboard,Furniture,Surabaya,Cash,53483.81,14,0.26,9351.75
2024-06-03,Pants,Accessories,Bandung,Cash,54396.09,12,0.01,18343.25
2024-06-04,Phone,Accessories,Jakarta,E-Wallet,39284.73,10,0.25,10409.96
2024-06-05,Keyboard,Accessories,Makassar,Credit Card,77986.62,18,0.25,22890.19
2024-06-06,Desk,Electronics,Makassar,Credit Card,57107.49,11,0.09,9494.3
2024-06-07,Rice,Electronics,Surabaya,Credit Card,32130.45,2,0.14,9254.23
2024-06-08,Tablet,Food,Medan,Credit Card,59848.3,18,0.13,6950.94
2024-06-09,Shirt,Clothing,Medan,Credit Card,35379.77,7,0.07,12558.1
2024-06-10,Keyboard,Electronics,Bandung,E-Wallet,61806.27,15,0.12,11552.61
2024-06-11,Desk,Food,Medan,Credit Card,67378.93,11,0.01,8691.75
2024-06-12,Laptop,Food,Surabaya,Cash,37689.77,18,0.08,24949.05
2024-06-13,Tablet,Furniture,Medan,Transfer,64450.64,12,0.25,17649.4
2024-06-14,Rice,Clothing,Bandung,E-Wallet,56191.71,6,0.09,17061.17
2024-06-15,Desk,Food,Surabaya,Cash,62330.9,13,0.25,22945.82
2024-06-16,Rice,Accessories,Jakarta,E-Wallet,78451.89,16,0.16,16281.29
2024-06-17,Laptop,Food,Makassar,Credit Card,46319.18,18,0.26,11256.6
2024-06-18,Rice,Furniture,Makassar,Credit Card,38693.96,10,0.17,6498.95
2024-06-19,Tablet,Electronics,Medan,Transfer,36657.28,8,0.01,10974.71
2024-06-20,Mouse,Clothing,Medan,Cash,37762.85,18,0.2,22527.08
2024-06-21,Tablet,Food,Medan,Cash,48843.47,1,0.01,8723.32
2024-06-22,Rice,Furniture,Jakarta,Cash,55117.28,8,0.14,16765.64
2024-06-23,Phone,Clothing,Jakarta,Transfer,54150.36,6,0.28,20169.63
2024-06-24,Laptop,Electronics,Medan,Transfer,62407.75,5,0.05,16426.72
2024-06-25,Laptop,Clothing,Surabaya,Transfer,50195.03,15,0.12,16994.92
2024-06-26,Rice,Accessories,Bandung,Credit Card,71803.01,15,0.22,18278.02
2024-06-27,Phone,Food,Surabaya,Cash,46030.15,2,0.26,16896.4
2024-06-28,Shirt,Food,Bandung,Transfer,90802.54,1,0.2,23045.37
2024-06-29,Shirt,Clothing,Medan,E-Wallet,59385.01,11,0.08,9798.54
2024-06-30,Desk,Clothing,Bandung,Cash,37142.64,10,0.2,16202.12
2024-07-01,Rice,Accessories,Jakarta,Cash,33936.61,18,0.09,5908.8
2024-07-02,Phone,Electronics,Surabaya,E-Wallet,57237.09,18,0.22,4631.27
2024-07-03,Laptop,Accessories,Medan,E-Wallet,46648.06,17,0.29,14591.64
2024-07-04,Chair,Accessories,Bandung,E-Wallet,60710.01,8,0.22,17716.9
2024-07-05,Rice,Electronics,Bandung,Credit Card,57098.56,15,0.26,23153.34
2024-07-06,Phone,Clothing,Bandung,E-Wallet,48907.57,8,0.0,27098.96
2024-07-07,Keyboard,Accessories,Bandung,E-Wallet,37298.09,17,0.22,21599.3
2024-07-08,Tablet,Electronics,Surabaya,Transfer,27277.29,12,0.25,18635.83
2024-07-09,Phone,Furniture,Surabaya,E-Wallet,43302.28,8,0.01,15799.82
2024-07-10,Keyboard,Food,Makassar,E-Wallet,62845.98,14,0.26,7343.86
2024-07-11,Desk,Electronics,Surabaya,Credit Card,53211.41,4,0.08,14269.82
2024-07-12,Pants,Electronics,Bandung,E-Wallet,31313.92,1,0.2,21451.88
2024-07-13,Shirt,Clothing,Medan,E-Wallet,52597.71,1,0.24,19491.41
2024-07-14,Tablet,Accessories,Makassar,E-Wallet,55779.76,19,0.2,8568.33
2024-07-15,Shirt,Accessories,Surabaya,Cash,36742.14,16,0.03,18070.13
2024-07-16,Keyboard,Electronics,Medan,Transfer,52305.88,14,0.18,17641.96
2024-07-17,Laptop,Accessories,Surabaya,Credit Card,50873.13,16,0.16,16749.45
2024-07-18,Rice,Electronics,Jakarta,Credit Card,32855.45,5,0.27,14860.72
2024-07-19,Chair,Electronics,Medan,E-Wallet,55366.81,9,0.12,18327.92
2024-07-20,Pants,Accessories,Bandung,Cash,58411.77,2,0.1,18486.57
2024-07-21,Mouse,Accessories,Bandung,Cash,66245.77,18,0.22,11792.71
2024-07-22,Desk,Furniture,Surabaya,E-Wallet,65807.03,6,0.12,17275.07
2024-07-23,Pants,Clothing,Makassar,Cash,29334.96,9,0.19,14053.02
2024-07-24,Desk,Clothing,Makassar,E-Wallet,35932.62,1,0.19,7563.83
2024-07-25,Rice,Furniture,Makassar,Cash,57725.53,9,0.27,12191.96
2024-07-26,Rice,Furniture,Jakarta,Cash,57706.79,16,0.18,7181.55
2024-07-27,Pants,Accessories,Medan,Credit Card,57725.72,13,0.15,19900.47
2024-07-28,Chair,Accessories,Makassar,E-Wallet,107790.97,9,0.04,16779.45
2024-07-29,Phone,Food,Jakarta,Transfer,58563.36,13,0.03,13222.55
2024-07-30,Laptop,Accessories,Medan,Credit Card,67033.48,9,0.05,22102.61
2024-07-31,Pants,Electronics,Makassar,Credit Card,64310.03,11,0.05,15339.95
2024-08-01,Laptop,Electronics,Jakarta,Cash,59770.87,4,0.19,7843.89
2024-08-02,Laptop,Accessories,Makassar,Credit Card,45270.96,2,0.22,12802.61
2024-08-03,Keyboard,Electronics,Makassar,Cash,61384.54,6,0.16,23164.27
2024-08-04,Keyboard,Food,Makassar,E-Wallet,38407.62,14,0.25,11652.62
2024-08-05,Laptop,Electronics,Jakarta,Cash,46447.72,4,0.3,16376.11
2024-08-06,Phone,Clothing,Makassar,Credit Card,42719.55,6,0.25,18719.38
2024-08-07,Pants,Furniture,Makassar,Cash,51228.11,19,0.21,17949.74
2024-08-08,Mouse,Electronics,Makassar,Transfer,84719.88,6,0.16,27247.3
2024-08-09,Rice,Electronics,Jakarta,Transfer,21991.02,2,0.13,9118.48
2024-08-10,Laptop,Electronics,Jakarta,Credit Card,60293.9,18,0.03,9617.68
2024-08-11,Tablet,Food,Jakarta,Credit Card,25809.26,13,0.12,9201.23
2024-08-12,Chair,Clothing,Bandung,Credit Card,42921.02,9,0.27,13520.41
2024-08-13,Rice,Clothing,Surabaya,Cash,66334.26,19,0.24,20496.89
2024-08-14,Chair,Electronics,Medan,Transfer,50964.2,13,0.06,9841.33
2024-08-15,Chair,Electronics,Jakarta,Transfer,33833.83,11,0.14,20566.8
2024-08-16,Desk,Furniture,Surabaya,Credit Card,,1,0.25,15175.63
2024-08-17,Chair,Accessories,Medan,Cash,60193.97,7,0.02,9455.02
2024-08-18,Laptop,Food,Makassar,Credit Card,39044.5,15,0.12,6243.15
2024-08-19,Keyboard,Electronics,Jakarta,Transfer,53246.88,1,0.26,7362.15
2024-08-20,Rice,Furniture,Jakarta,Credit Card,50683.58,12,0.12,11670.73
2024-08-21,Chair,Clothing,Medan,Transfer,40225.99,7,0.02,14154.24
2024-08-22,Pants,Accessories,Medan,Cash,82159.16,15,0.16,21730.31
2024-08-23,Chair,Accessories,Surabaya,E-Wallet,59508.79,19,0.26,18995.44
2024-08-24,Rice,Electronics,Jakarta,Credit Card,19622.86,1,0.18,10805.29
2024-08-25,Phone,Clothing,Bandung,E-Wallet,52796.81,17,0.07,17043.33
2024-08-26,Shirt,Accessories,Surabaya,Credit Card,40073.2,17,0.12,23257.73
2024-08-27,Desk,Clothing,Medan,Credit Card,62786.5,3,0.14,24369.59
2024-08-28,Chair,Food,Medan,Transfer,38112.19,12,0.17,13427.97
2024-08-29,Tablet,Furniture,Surabaya,Credit Card,48278.95,6,0.23,19791.44
2024-08-30,Tablet,Electronics,Medan,Transfer,57574.81,11,0.03,21949.78
2024-08-31,Laptop,Accessories,Surabaya,E-Wallet,62986.33,3,0.27,7464.64
2024-09-01,Phone,Furniture,Medan,E-Wallet,31995.55,8,0.0,12437.96
2024-09-02,Tablet,Accessories,Jakarta,E-Wallet,44982.48,14,0.11,26100.09
2024-09-03,Phone,Furniture,Surabaya,Cash,42875.82,14,0.01,13494.82
2024-09-04,Desk,Furniture,Makassar,Transfer,40200.06,10,0.12,355.24
2024-09-05,Pants,Electronics,Jakarta,Cash,76481.81,2,0.16,14395.19
2024-09-06,Chair,Accessories,Makassar,Credit Card,56074.73,14,0.15,20623.13
2024-09-07,Mouse,Accessories,Bandung,Credit Card,31086.74,9,0.05,15032.55
2024-09-08,Pants,Furniture,Medan,E-Wallet,63767.93,3,0.19,18576.82
2024-09-09,Chair,Clothing,Medan,Credit Card,81832.34,8,0.01,19691.11
2024-09-10,Rice,Furniture,Makassar,Cash,65486.98,16,0.23,13225.31
2024-09-11,Tablet,Accessories,Makassar,Credit Card,27209.45,2,0.28,12403.04
2024-09-12,Mouse,Clothing,Surabaya,E-Wallet,42736.49,6,0.1,15767.2
2024-09-13,Rice,Furniture,Medan,E-Wallet,69003.67,12,0.16,15888.89
2024-09-14,Desk,Clothing,Medan,Credit Card,39384.96,5,0.11,15270.38
2024-09-15,Laptop,Furniture,Medan,E-Wallet,56657.29,2,0.0,15475.78
2024-09-16,Laptop,Clothing,Surabaya,Transfer,61619.51,16,0.12,11257.27
2024-09-17,Mouse,Electronics,Jakarta,E-Wallet,36096.04,5,0.24,18751.43
2024-09-18,Desk,Food,Makassar,Credit Card,,15,0.18,17996.16
2024-09-19,Phone,Food,Jakarta,Credit Card,1380.99,12,0.03,8319.96
2024-09-20,Phone,Accessories,Jakarta,E-Wallet,34634.19,4,0.25,13054.19
2024-09-21,Chair,Accessories,Makassar,Credit Card,46211.48,15,0.16,
2024-09-22,Shirt,Food,Medan,Credit Card,31283.25,11,0.25,12328.43
2024-09-23,Pants,Accessories,Jakarta,Transfer,74486.17,16,0.17,18186.86
2024-09-24,Mouse,Electronics,Surabaya,Credit Card,28547.88,6,0.17,14665.59
2024-09-25,Chair,Clothing,Makassar,E-Wallet,43399.33,14,0.03,15845.36
2024-09-26,Laptop,Clothing,Jakarta,Credit Card,51961.11,18,0.05,12996.45
2024-09-27,Phone,Furniture,Medan,E-Wallet,71619.1,12,0.29,5033.91
2024-09-28,Pants,Accessories,Bandung,Transfer,28462.07,11,0.07,4748.26
2024-09-29,Mouse,Accessories,Bandung,E-Wallet,67447.46,13,0.29,17948.05
2024-09-30,Tablet,Accessories,Makassar,E-Wallet,50153.5,11,0.16,16334.56
2024-10-01,Shirt,Food,Bandung,E-Wallet,35277.37,16,0.04,17193.31
2024-10-02,Tablet,Accessories,Medan,Transfer,56931.55,15,0.03,15672.36
2024-10-03,Phone,Electronics,Jakarta,Transfer,52985.9,15,0.06,16072.84
2024-10-04,Laptop,Electronics,Medan,Cash,40996.75,4,0.28,19845.12
2024-10-05,Keyboard,Accessories,Medan,E-Wallet,51047.03,11,0.12,17223.1
2024-10-06,Desk,Furniture,Bandung,Credit Card,44220.3,19,0.12,20204.55
2024-10-07,Chair,Furniture,Makassar,Credit Card,51702.76,15,0.09,15857.31
2024-10-08,Phone,Furniture,Makassar,Cash,59931.96,4,0.04,13498.09
2024-10-09,Phone,Food,Medan,E-Wallet,73790.25,13,0.15,15971.01
2024-10-10,Desk,Electronics,Makassar,E-Wallet,31432.77,19,0.04,10819.11
2024-10-11,Chair,Accessories,Medan,E-Wallet,81995.5,2,0.25,13100.77
2024-10-12,Laptop,Accessories,Medan,Transfer,20718.68,14,0.11,15887.86
2024-10-13,Shirt,Food,Makassar,Cash,47723.22,4,0.11,15821.59
2024-10-14,Phone,Accessories,Surabaya,Transfer,58824.76,16,0.14,14467.91
2024-10-15,Chair,Furniture,Jakarta,Transfer,54214.88,14,0.13,8059.08
2024-10-16,Keyboard,Accessories,Bandung,Credit Card,40659.51,15,0.3,18182.05
2024-10-17,Tablet,Food,Surabaya,Credit Card,46878.17,3,0.16,19171.14
2024-10-18,Chair,Food,Jakarta,Cash,42604.99,8,0.03,23218.45
2024-10-19,Rice,Accessories,Bandung,Transfer,41159.53,16,0.18,17208.88
2024-10-20,Tablet,Food,Makassar,Transfer,62744.03,10,0.05,15007.31
2024-10-21,Rice,Electronics,Medan,Cash,55355.23,4,0.01,9934.85
2024-10-22,Chair,Accessories,Jakarta,Credit Card,39606.36,18,0.29,22460.09
2024-10-23,Phone,Clothing,Medan,Cash,63494.0,2,0.23,16239.16
2024-10-24,Laptop,Accessories,Makassar,E-Wallet,54609.49,17,0.29,15966.87
2024-10-25,Keyboard,Clothing,Jakarta,Credit Card,62192.93,13,0.14,13729.72
2024-10-26,Shirt,Clothing,Makassar,Cash,59444.43,4,0.16,13410.15
2024-10-27,Keyboard,Clothing,Jakarta,Transfer,37565.07,11,0.05,18441.33
2024-10-28,Desk,Accessories,Bandung,Transfer,41597.28,7,0.07,9892.8
2024-10-29,Desk,Electronics,Jakarta,Transfer,61209.4,12,0.25,23127.16
2024-10-30,Mouse,Food,Makassar,Cash,59155.55,10,0.11,22037.63
2024-10-31,Tablet,Clothing,Medan,Cash,49686.48,7,0.25,13229.69
2024-11-01,Tablet,Furniture,Medan,Credit Card,51759.91,13,0.21,10680.68
2024-11-02,Mouse,Food,Jakarta,Transfer,69164.97,7,0.05,4923.97
2024-11-03,Mouse,Accessories,Makassar,Credit Card,41126.43,17,0.15,8742.93
2024-11-04,Laptop,Food,Surabaya,Transfer,58206.46,10,0.2,18649.56
2024-11-05,Mouse,Accessories,Jakarta,E-Wallet,46967.11,10,0.07,16576.71
2024-11-06,Laptop,Furniture,Makassar,Credit Card,46734.78,4,0.25,17468.27
2024-11-07,Laptop,Food,Makassar,Credit Card,66481.65,4,0.16,5772.1
2024-11-08,Mouse,Electronics,Jakarta,Transfer,62381.25,7,0.05,13020.92
2024-11-09,Shirt,Food,Bandung,Transfer,62202.64,1,0.17,21836.36
2024-11-10,Tablet,Clothing,Jakarta,Credit Card,69582.18,12,0.3,14519.86
2024-11-11,Tablet,Clothing,Jakarta,E-Wallet,50315.06,13,0.05,8638.53
2024-11-12,Desk,Clothing,Jakarta,Cash,60229.29,10,0.25,14441.99
2024-11-13,Phone,Clothing,Jakarta,E-Wallet,45346.0,15,0.06,11144.91
2024-11-14,Pants,Food,Jakarta,Transfer,54862.5,13,0.23,16668.4
2024-11-15,Pants,Furniture,Makassar,E-Wallet,48047.85,9,0.22,15102.73
2024-11-16,Desk,Clothing,Medan,Credit Card,51454.94,9,0.09,17716.48
2024-11-17,Phone,Accessories,Bandung,Transfer,58927.36,15,0.1,8910.38
2024-11-18,Pants,Clothing,Jakarta,E-Wallet,37726.69,10,0.24,12756.42
2024-11-19,Chair,Clothing,Bandung,E-Wallet,81385.81,10,0.14,20452.17
2024-11-20,Phone,Clothing,Jakarta,Credit Card,34909.74,8,0.22,8228.6
2024-11-21,Shirt,Furniture,Makassar,Cash,31787.17,16,0.04,9984.44
2024-11-22,Desk,Clothing,Jakarta,Cash,67371.66,17,0.26,15996.49
2024-11-23,Laptop,Furniture,Medan,E-Wallet,61874.94,5,0.21,16433.65
2024-11-24,Laptop,Electronics,Jakarta,E-Wallet,59361.8,4,0.27,12555.75
2024-11-25,Tablet,Furniture,Jakarta,Credit Card,59425.18,18,0.04,13607.84
2024-11-26,Laptop,Food,Jakarta,Transfer,49816.3,19,0.18,17666.13
2024-11-27,Keyboard,Electronics,Jakarta,Credit Card,36541.18,4,0.18,19248.18
2024-11-28,Pants,Clothing,Makassar,Cash,51137.07,7,0.11,9653.89
2024-11-29,Rice,Clothing,Bandung,Credit Card,39842.57,10,0.14,16821.6
2024-11-30,Desk,Electronics,Surabaya,Transfer,64626.8,18,0.01,22560.08
2024-12-01,Chair,Accessories,Medan,Cash,47794.14,19,0.22,14420.54
2024-12-02,Laptop,Accessories,Medan,Credit Card,37617.54,4,0.16,9600.8
2024-12-03,Phone,Furniture,Medan,Cash,45179.21,10,0.02,9369.54
2024-12-04,Phone,Furniture,Bandung,Credit Card,56193.97,1,0.2,14196.31
2024-12-05,Mouse,Electronics,Surabaya,Cash,41544.13,18,0.14,20179.24
2024-12-06,Mouse,Food,Bandung,Transfer,37666.69,5,0.01,14796.22
2024-12-07,Chair,Clothing,Medan,Transfer,53655.31,15,0.29,15946.16
2024-12-08,Rice,Furniture,Medan,E-Wallet,53674.5,17,0.28,10018.29
2024-12-09,Laptop,Clothing,Bandung,Cash,42395.85,3,0.15,19915.59
2024-12-10,Rice,Clothing,Bandung,Transfer,42934.43,12,0.03,9271.71
2024-12-11,Phone,Food,Medan,Credit Card,53480.75,2,0.23,12477.52
2024-12-12,Pants,Electronics,Makassar,E-Wallet,28278.73,1,0.15,18149.57
2024-12-13,Laptop,Electronics,Makassar,E-Wallet,28888.04,17,0.09,4802.84
2024-12-14,Shirt,Food,Surabaya,Credit Card,39223.34,16,0.15,15869.81
2024-12-15,Mouse,Electronics,Makassar,Cash,46798.29,5,0.16,9804.63
2024-12-16,Phone,Clothing,Bandung,Transfer,54663.61,15,0.17,15082.75
2024-12-17,Tablet,Furniture,Jakarta,E-Wallet,72130.34,3,0.13,13239.72
2024-12-18,Tablet,Clothing,Surabaya,Credit Card,62864.89,7,0.18,25529.17
2024-12-19,Keyboard,Clothing,Makassar,Transfer,47600.92,11,0.28,
2024-12-20,Mouse,Food,Surabaya,Transfer,49714.76,10,0.11,24213.26
2024-12-21,Phone,Food,Surabaya,Credit Card,34962.06,9,0.22,17934.76
2024-12-22,Tablet,Clothing,Makassar,E-Wallet,49722.3,14,0.27,10992.71
2024-12-23,Keyboard,Food,Jakarta,Transfer,45670.12,13,0.14,16654.05
2024-12-24,Tablet,Furniture,Makassar,Transfer,54840.78,2,0.13,13477.95
2024-12-25,Chair,Furniture,Surabaya,Credit Card,37591.54,3,0.18,16210.79
2024-12-26,Desk,Food,Jakarta,Transfer,57790.2,7,0.18,11430.55
2024-12-27,Laptop,Furniture,Surabaya,Cash,72991.08,18,0.24,23450.89
2024-12-28,Pants,Accessories,Makassar,Cash,48368.6,3,0.14,19626.99
2024-12-29,Tablet,Furniture,Makassar,E-Wallet,56025.68,10,0.3,15158.91
2024-12-30,Laptop,Furniture,Surabaya,Cash,60352.16,7,0.02,23645.57
2024-12-31,Laptop,Food,Jakarta,E-Wallet,43981.69,9,0.0,15371.4
2025-01-01,Laptop,Electronics,Jakarta,E-Wallet,53361.39,17,0.19,20488.12
2025-01-02,Pants,Accessories,Jakarta,Cash,50188.89,11,0.09,15191.5
2025-01-03,Pants,Clothing,Jakarta,Cash,51465.14,7,0.07,16969.44
2025-01-04,Laptop,Accessories,Bandung,Credit Card,38404.85,14,0.09,14592.81
2025-01-05,Pants,Food,Jakarta,E-Wallet,50367.65,19,0.08,15476.51
2025-01-06,Rice,Accessories,Bandung,Cash,57469.97,4,0.01,15852.66
2025-01-07,Chair,Furniture,Jakarta,Transfer,71767.15,6,0.29,11651.34
2025-01-08,Rice,Electronics,Jakarta,Cash,64389.06,10,0.07,12994.66
2025-01-09,Keyboard,Electronics,Medan,Credit Card,82297.74,7,0.22,13916.22
2025-01-10,Chair,Electronics,Bandung,E-Wallet,38489.79,13,0.23,16148.56
2025-01-11,Mouse,Clothing,Makassar,E-Wallet,63084.81,14,0.28,14847.1
2025-01-12,Mouse,Food,Bandung,Transfer,52750.13,4,0.01,20865.16
2025-01-13,Shirt,Furniture,Makassar,Cash,82847.04,8,0.26,19235.59
2025-01-14,Pants,Clothing,Makassar,Cash,37875.53,5,0.16,14018.36
2025-01-15,Laptop,Accessories,Bandung,Transfer,37404.17,1,0.19,21908.92
2025-01-16,Mouse,Accessories,Makassar,Transfer,41009.11,4,0.19,24365.1
2025-01-17,Laptop,Clothing,Makassar,Cash,18141.56,3,0.25,4780.87
2025-01-18,Mouse,Clothing,Medan,Transfer,42113.67,9,0.1,19661.45
2025-01-19,Shirt,Electronics,Makassar,Credit Card,38613.01,8,0.22,11535.08
2025-01-20,Rice,Clothing,Bandung,Credit Card,52255.91,1,0.16,19003.74
2025-01-21,Laptop,Accessories,Makassar,Transfer,55126.34,6,0.24,21191.19
2025-01-22,Shirt,Food,Makassar,Transfer,78142.56,9,0.3,10615.04
2025-01-23,Pants,Food,Makassar,Transfer,64256.36,7,0.06,5738.36
2025-01-24,Tablet,Food,Medan,E-Wallet,41346.45,4,0.3,19177.17
2025-01-25,Phone,Accessories,Bandung,E-Wallet,36523.78,13,0.03,15677.01
2025-01-26,Chair,Food,Medan,Credit Card,57378.79,17,0.0,6657.81
2025-01-27,Desk,Accessories,Bandung,Credit Card,30196.5,2,0.01,27647.82
2025-01-28,Chair,Food,Bandung,E-Wallet,77471.88,5,0.1,18122.1
2025-01-29,Chair,Accessories,Bandung,Cash,67691.6,12,0.19,18350.5
2025-01-30,Mouse,Food,Makassar,Transfer,42962.37,8,0.02,21829.09
2025-01-31,Desk,Electronics,Makassar,Cash,24302.98,6,0.0,12095.88
2025-02-01,Desk,Food,Medan,Transfer,70308.09,8,0.28,15652.27
2025-02-02,Pants,Electronics,Bandung,Credit Card,48281.9,18,0.25,8403.39
2025-02-03,Tablet,Furniture,Surabaya,E-Wallet,68567.24,3,0.24,11960.26
2025-02-04,Tablet,Accessories,Surabaya,Transfer,26083.59,12,0.27,16928.3
2025-02-05,Tablet,Accessories,Jakarta,Transfer,41009.37,3,0.21,6673.58
2025-02-06,Rice,Electronics,Medan,Transfer,50078.66,6,0.03,11818.55
2025-02-07,Laptop,Electronics,Jakarta,Credit Card,50704.71,2,0.12,10360.33
2025-02-08,Laptop,Food,Bandung,Transfer,43249.02,12,0.22,15710.46
2025-02-09,Keyboard,Accessories,Bandung,Cash,59342.75,2,0.08,17873.51
2025-02-10,Shirt,Electronics,Medan,E-Wallet,33985.69,6,0.21,18710.76
2025-02-11,Chair,Clothing,Bandung,Transfer,47864.31,17,0.01,19994.08
2025-02-12,Phone,Food,Medan,E-Wallet,51804.43,3,0.09,21860.58
2025-02-13,Mouse,Food,Bandung,Transfer,57716.58,2,0.16,18036.23
2025-02-14,Laptop,Electronics,Medan,Transfer,60674.22,8,0.19,24436.68
2025-02-15,Rice,Accessories,Medan,E-Wallet,33130.37,12,0.17,15597.51
2025-02-16,Mouse,Clothing,Makassar,E-Wallet,26988.29,4,0.21,14133.39
2025-02-17,Keyboard,Food,Jakarta,E-Wallet,69165.15,5,0.0,18036.54
2025-02-18,Desk,Accessories,Bandung,Transfer,54984.71,13,0.03,13917.94
2025-02-19,Shirt,Accessories,Makassar,E-Wallet,38772.7,15,0.26,24262.82
2025-02-20,Tablet,Food,Makassar,Transfer,73267.28,16,0.2,20654.92
2025-02-21,Tablet,Accessories,Medan,Cash,51735.12,10,0.03,18751.39
2025-02-22,Keyboard,Furniture,Jakarta,Credit Card,67689.46,16,0.25,15657.1
2025-02-23,Phone,Food,Surabaya,Credit Card,51012.78,12,0.07,12962.61
2025-02-24,Phone,Furniture,Makassar,Cash,80911.22,17,0.14,18506.63
2025-02-25,Laptop,Food,Surabaya,Transfer,76330.11,16,0.04,9364.51
2025-02-26,Laptop,Accessories,Bandung,Transfer,46265.54,12,0.21,22671.82
2025-02-27,Rice,Food,Surabaya,Cash,64573.56,8,0.2,14111.82
2025-02-28,Chair,Food,Bandung,E-Wallet,59680.64,3,0.06,16525.53
2025-03-01,Desk,Food,Medan,Credit Card,70529.47,16,0.26,10451.99
2025-03-02,Shirt,Furniture,Bandung,E-Wallet,35526.15,13,0.12,18614.93
2025-03-03,Shirt,Food,Medan,E-Wallet,60290.77,19,0.09,12731.29
2025-03-04,Keyboard,Electronics,Bandung,Credit Card,65876.37,8,0.05,18246.14
2025-03-05,Mouse,Accessories,Jakarta,Cash,23618.91,5,0.08,18786.97
2025-03-06,Rice,Electronics,Medan,Credit Card,32251.12,8,0.01,11761.84
2025-03-07,Tablet,Furniture,Bandung,E-Wallet,19411.52,12,0.17,9382.35
2025-03-08,Pants,Furniture,Surabaya,Cash,45958.9,1,0.25,22659.5
2025-03-09,Tablet,Electronics,Surabaya,E-Wallet,60763.13,6,0.16,14038.5
2025-03-10,Shirt,Electronics,Jakarta,Transfer,72535.36,18,0.07,16124.24
2025-03-11,Laptop,Electronics,Bandung,Credit Card,51111.42,8,0.01,17427.32
2025-03-12,Laptop,Accessories,Medan,Cash,74429.23,7,0.06,8731.5
2025-03-13,Laptop,Clothing,Medan,Credit Card,29298.48,1,0.12,17313.33
2025-03-14,Rice,Food,Makassar,E-Wallet,24449.26,16,0.23,15495.63
2025-03-15,Laptop,Electronics,Jakarta,Transfer,49166.78,12,0.06,11782.35
2025-03-16,Mouse,Food,Bandung,Transfer,55760.98,6,0.22,9217.32
2025-03-17,Keyboard,Furniture,Surabaya,Credit Card,49509.58,2,0.26,18029.43
2025-03-18,Mouse,Furniture,Medan,E-Wallet,18988.37,14,0.14,20638.56
2025-03-19,Desk,Food,Jakarta,Cash,48663.2,4,0.25,15892.95
2025-03-20,Tablet,Furniture,Jakarta,Transfer,30432.96,1,0.17,7827.67
2025-03-21,Phone,Clothing,Medan,Transfer,60045.09,18,0.19,9713.34
2025-03-22,Phone,Accessories,Jakarta,Credit Card,55498.97,13,0.16,12839.38
2025-03-23,Laptop,Food,Medan,Transfer,35901.8,2,0.14,22823.1
2025-03-24,Mouse,Food,Surabaya,E-Wallet,42292.0,9,0.07,13766.25
2025-03-25,Phone,Furniture,Jakarta,E-Wallet,34111.8,2,0.09,12657.16
2025-03-26,Keyboard,Food,Medan,Cash,49059.81,9,0.09,6632.58
2025-03-27,Chair,Electronics,Surabaya,E-Wallet,64327.13,1,0.17,11716.58
2025-03-28,Mouse,Furniture,Makassar,Transfer,35214.11,11,0.04,8835.32
2025-03-29,Tablet,Accessories,Bandung,Credit Card,57560.7,3,0.28,9984.1
2025-03-30,Shirt,Food,Bandung,Cash,42046.14,4,0.22,15599.75
2025-03-31,Mouse,Accessories,Jakarta,Transfer,38106.91,18,0.12,12994.18
2025-04-01,Phone,Electronics,Bandung,Transfer,48394.54,6,0.05,23497.47
2025-04-02,Tablet,Furniture,Jakarta,Cash,34471.37,3,0.26,20390.02
2025-04-03,Rice,Clothing,Bandung,Transfer,41695.26,11,0.25,11955.58
2025-04-04,Desk,Furniture,Jakarta,Cash,32031.83,15,0.22,10415.91
2025-04-05,Shirt,Accessories,Surabaya,E-Wallet,79470.88,5,0.08,21913.21
2025-04-06,Phone,Furniture,Makassar,Credit Card,50528.95,10,0.12,23300.21
2025-04-07,Desk,Electronics,Surabaya,E-Wallet,39504.12,12,0.03,4028.76
2025-04-08,Keyboard,Furniture,Makassar,Credit Card,53209.7,15,0.06,15464.29
2025-04-09,Mouse,Accessories,Makassar,E-Wallet,48315.08,17,0.23,13740.61
2025-04-10,Tablet,Furniture,Surabaya,Cash,46685.46,10,0.21,18245.6
2025-04-11,Rice,Clothing,Medan,Transfer,59212.5,6,0.18,24713.34
2025-04-12,Pants,Accessories,Jakarta,E-Wallet,61362.62,18,0.27,12579.71
2025-04-13,Tablet,Food,Jakarta,Transfer,42042.48,13,0.17,4696.51
2025-04-14,Laptop,Clothing,Makassar,Credit Card,41362.73,3,0.14,17895.04
2025-04-15,Pants,Food,Medan,Transfer,45874.22,10,0.1,21949.82
2025-04-16,Mouse,Electronics,Bandung,E-Wallet,15471.18,14,0.28,13481.2
2025-04-17,Pants,Furniture,Medan,E-Wallet,27272.13,6,0.02,11474.81
2025-04-18,Tablet,Clothing,Makassar,Transfer,70503.11,3,0.28,12813.7
2025-04-19,Rice,Food,Medan,Credit Card,74674.52,16,0.25,19251.03
2025-04-20,Pants,Food,Surabaya,Transfer,46264.46,7,0.04,12727.7
2025-04-21,Mouse,Accessories,Makassar,E-Wallet,58648.35,14,0.17,16643.8
2025-04-22,Shirt,Accessories,Jakarta,E-Wallet,54668.75,9,0.26,15139.01
2025-04-23,Pants,Clothing,Medan,Cash,96183.21,15,0.17,14623.1
2025-04-24,Keyboard,Furniture,Bandung,Cash,66793.62,3,0.27,18506.46
2025-04-25,Shirt,Electronics,Medan,Cash,48081.24,2,0.28,12607.1
2025-04-26,Keyboard,Accessories,Surabaya,Cash,35666.89,2,0.13,12847.07
2025-04-27,Tablet,Furniture,Bandung,Credit Card,25903.31,3,0.11,18988.01
2025-04-28,Mouse,Clothing,Medan,Transfer,53051.95,18,0.28,10065.37
2025-04-29,Keyboard,Clothing,Surabaya,Cash,38654.74,14,0.2,10598.9
2025-04-30,Mouse,Clothing,Surabaya,Cash,28666.19,18,0.03,8698.43
2025-05-01,Desk,Furniture,Bandung,Cash,40301.41,10,0.01,19245.05
2025-05-02,Chair,Accessories,Jakarta,Transfer,33776.78,2,0.17,14473.82
2025-05-03,Laptop,Accessories,Jakarta,E-Wallet,75307.12,1,0.28,8431.92
2025-05-04,Phone,Clothing,Surabaya,Credit Card,63224.6,4,0.25,19269.04
2025-05-05,Laptop,Clothing,Makassar,Credit Card,49880.41,14,0.2,12222.29
2025-05-06,Tablet,Food,Medan,Cash,72199.16,1,0.04,10641.61
2025-05-07,Keyboard,Electronics,Bandung,Transfer,51160.52,14,0.08,14021.61
2025-05-08,Tablet,Furniture,Medan,Transfer,37080.74,16,0.26,22393.62
2025-05-09,Chair,Accessories,Jakarta,Cash,72846.86,14,0.05,13025.19
2025-05-10,Mouse,Furniture,Bandung,Cash,58083.65,3,0.08,17876.69
2025-05-11,Pants,Clothing,Surabaya,Credit Card,34441.31,3,0.04,18635.4
2025-05-12,Desk,Furniture,Jakarta,Cash,47144.92,9,0.2,17216.37
2025-05-13,Keyboard,Clothing,Bandung,Credit Card,36865.73,6,0.28,21355.36
2025-05-14,Shirt,Clothing,Surabaya,E-Wallet,29258.0,13,0.08,11464.42
2025-05-15,Mouse,Furniture,Surabaya,Transfer,63892.66,2,0.14,9783.33
2025-05-16,Keyboard,Food,Jakarta,Transfer,78641.25,8,0.19,9685.17
2025-05-17,Tablet,Accessories,Surabaya,Cash,29021.49,2,0.3,14277.66
2025-05-18,Pants,Clothing,Jakarta,E-Wallet,58444.54,4,0.03,10264.77
2025-05-19,Shirt,Furniture,Makassar,E-Wallet,40240.36,15,0.15,15737.7
2025-05-20,Rice,Electronics,Makassar,Credit Card,42693.12,4,0.12,15384.94
2025-05-21,Desk,Furniture,Bandung,Cash,41114.09,13,0.26,20092.87
2025-05-22,Desk,Food,Surabaya,Credit Card,37040.14,12,0.14,16455.72
2025-05-23,Pants,Clothing,Bandung,E-Wallet,50727.82,13,0.03,12919.24
2025-05-24,Mouse,Electronics,Jakarta,Cash,37535.75,14,0.19,17054.25
2025-05-25,Desk,Accessories,Makassar,Cash,54056.85,18,0.23,9849.03
2025-05-26,Phone,Furniture,Medan,Credit Card,49246.43,6,0.0,14809.3
2025-05-27,Pants,Electronics,Makassar,E-Wallet,46415.78,11,0.26,16597.01
2025-05-28,Chair,Clothing,Bandung,Cash,36386.55,2,0.06,15646.59
2025-05-29,Phone,Accessories,Medan,Credit Card,41348.43,19,0.17,17075.33
2025-05-30,Pants,Electronics,Medan,E-Wallet,61330.87,19,0.12,11779.77
2025-05-31,Tablet,Electronics,Surabaya,Credit Card,57513.76,5,0.22,20760.16
2025-06-01,Keyboard,Electronics,Surabaya,E-Wallet,35336.67,19,0.11,24110.84
2025-06-02,Shirt,Electronics,Jakarta,Transfer,51489.98,2,0.26,6986.62
2025-06-03,Chair,Food,Surabaya,Transfer,61270.81,10,0.22,8922.01
2025-06-04,Desk,Accessories,Jakarta,Cash,24958.92,2,0.19,15215.42
2025-06-05,Phone,Clothing,Surabaya,Credit Card,58150.4,11,0.24,13717.25
2025-06-06,Rice,Furniture,Medan,Transfer,40060.64,18,0.23,24482.06
2025-06-07,Laptop,Clothing,Bandung,E-Wallet,58558.98,15,0.01,16098.92
2025-06-08,Tablet,Accessories,Surabaya,Cash,38551.11,9,0.12,21962.73
2025-06-09,Chair,Clothing,Makassar,E-Wallet,22926.77,19,0.28,4754.38
2025-06-10,Shirt,Electronics,Surabaya,Credit Card,25586.86,9,0.04,19070.85
2025-06-11,Tablet,Clothing,Medan,Cash,50721.27,3,0.22,11422.42
2025-06-12,Mouse,Clothing,Medan,Transfer,53895.84,9,0.29,11342.29
2025-06-13,Mouse,Food,Surabaya,Transfer,36435.25,14,0.02,13758.21
2025-06-14,Mouse,Accessories,Makassar,Transfer,59578.89,19,0.2,7877.08
2025-06-15,Keyboard,Food,Surabaya,Transfer,25077.2,7,0.14,17213.93
2025-06-16,Pants,Food,Surabaya,Credit Card,49008.8,16,0.17,15953.57
2025-06-17,Laptop,Electronics,Surabaya,Cash,31834.76,16,0.03,16330.96
2025-06-18,Keyboard,Furniture,Medan,E-Wallet,40222.46,1,0.01,19435.16
2025-06-19,Shirt,Food,Medan,Credit Card,50710.98,4,0.2,22573.91
2025-06-20,Chair,Furniture,Surabaya,Cash,37093.8,4,0.25,13181.44
2025-06-21,Rice,Electronics,Bandung,E-Wallet,44231.67,7,0.23,17386.75
2025-06-22,Mouse,Furniture,Makassar,E-Wallet,65094.39,8,0.16,16464.94
2025-06-23,Pants,Food,Surabaya,E-Wallet,41346.62,17,0.03,16888.07
2025-06-24,Laptop,Accessories,Medan,Cash,62535.38,5,0.21,16962.99
2025-06-25,Shirt,Accessories,Makassar,E-Wallet,33054.4,7,0.07,22952.52
2025-06-26,Tablet,Electronics,Medan,Credit Card,57947.06,4,0.27,12701.62
2025-06-27,Tablet,Furniture,Medan,Cash,71623.53,6,0.25,7371.32
2025-06-28,Chair,Clothing,Medan,Transfer,12925.33,7,0.21,11510.63
2025-06-29,Keyboard,Accessories,Makassar,Cash,38046.57,18,0.28,18786.33
2025-06-30,Rice,Food,Medan,Cash,58656.08,5,0.01,15116.65
2025-07-01,Chair,Electronics,Makassar,Transfer,46954.32,3,0.22,12662.0
2025-07-02,Laptop,Furniture,Surabaya,Transfer,,7,0.1,9617.51
2025-07-03,Keyboard,Accessories,Jakarta,Cash,40940.22,14,0.27,16106.43
2025-07-04,Laptop,Clothing,Makassar,E-Wallet,51298.85,7,0.08,18222.53
2025-07-05,Shirt,Electronics,Makassar,E-Wallet,47664.84,5,0.22,16529.36
2025-07-06,Mouse,Food,Makassar,E-Wallet,67516.73,5,0.26,13733.35
2025-07-07,Rice,Furniture,Jakarta,Transfer,53816.31,2,0.01,15733.21
2025-07-08,Laptop,Accessories,Medan,Cash,55064.04,6,0.12,15704.21
2025-07-09,Keyboard,Electronics,Surabaya,Cash,43821.85,15,0.23,15948.48
2025-07-10,Phone,Food,Bandung,Transfer,42685.91,10,0.14,9078.48
2025-07-11,Desk,Clothing,Surabaya,Credit Card,43511.63,7,0.08,15986.63
2025-07-12,Chair,Accessories,Surabaya,E-Wallet,55916.78,5,0.07,12797.02
2025-07-13,Pants,Furniture,Medan,Cash,43685.23,1,0.04,20203.09
2025-07-14,Laptop,Electronics,Bandung,Cash,54346.62,13,0.26,15664.59
2025-07-15,Rice,Electronics,Bandung,Cash,81131.01,18,0.17,19177.4
2025-07-16,Rice,Clothing,Bandung,E-Wallet,63066.87,13,0.02,13491.09
2025-07-17,Pants,Food,Makassar,Credit Card,45109.65,18,0.11,
2025-07-18,Pants,Food,Makassar,Cash,68018.21,5,0.11,22471.26
2025-07-19,Rice,Clothing,Surabaya,Cash,43878.87,13,0.05,17181.68
2025-07-20,Phone,Electronics,Medan,Cash,19428.13,4,0.13,11427.43
2025-07-21,Keyboard,Clothing,Jakarta,E-Wallet,34878.71,17,0.1,19484.87
2025-07-22,Tablet,Clothing,Makassar,E-Wallet,21938.12,3,0.1,12333.48
2025-07-23,Mouse,Food,Bandung,Transfer,44727.3,17,0.22,16128.49
2025-07-24,Tablet,Clothing,Makassar,Transfer,50276.28,11,0.07,24183.37
2025-07-25,Mouse,Furniture,Makassar,Credit Card,75146.56,4,0.19,7843.59
2025-07-26,Desk,Accessories,Jakarta,Credit Card,54903.91,2,0.17,14121.09
2025-07-27,Desk,Electronics,Bandung,Cash,46713.49,16,0.17,17041.36
2025-07-28,Rice,Clothing,Medan,Credit Card,62441.08,18,0.2,18823.49
2025-07-29,Mouse,Food,Bandung,Credit Card,16832.97,8,0.16,8793.83
2025-07-30,Tablet,Furniture,Medan,Cash,53534.22,3,0.26,7321.05
2025-07-31,Rice,Food,Surabaya,Cash,61562.98,9,0.2,20453.75
2025-08-01,Laptop,Furniture,Medan,E-Wallet,27821.21,6,0.16,11397.93
2025-08-02,Desk,Accessories,Bandung,Cash,67156.31,10,0.25,11188.59
2025-08-03,Phone,Accessories,Makassar,Cash,55077.45,10,0.18,22751.25
2025-08-04,Desk,Food,Makassar,Credit Card,43770.68,13,0.09,15348.51
2025-08-05,Desk,Clothing,Medan,Cash,59491.73,17,0.06,15381.19
2025-08-06,Tablet,Clothing,Surabaya,Credit Card,84060.39,9,0.05,14101.0
2025-08-07,Chair,Food,Makassar,Cash,52727.99,17,0.27,8880.09
2025-08-08,Pants,Accessories,Makassar,Transfer,53723.31,9,0.21,18378.48
2025-08-09,Laptop,Furniture,Jakarta,E-Wallet,43109.59,9,0.28,17047.25
2025-08-10,Desk,Food,Makassar,Transfer,37252.33,1,0.18,15843.46
2025-08-11,Keyboard,Furniture,Jakarta,E-Wallet,62455.04,2,0.14,14418.38
2025-08-12,Keyboard,Clothing,Surabaya,Transfer,37158.74,16,0.02,13538.4
2025-08-13,Tablet,Accessories,Surabaya,Credit Card,51073.49,1,0.2,19562.42
2025-08-14,Chair,Furniture,Medan,Cash,42835.14,10,0.17,14293.53
2025-08-15,Phone,Clothing,Jakarta,E-Wallet,57184.7,18,0.3,14679.69
2025-08-16,Keyboard,Accessories,Makassar,E-Wallet,55004.93,8,0.07,17649.47
2025-08-17,Shirt,Electronics,Surabaya,Cash,65563.1,11,0.16,16039.8
2025-08-18,Tablet,Furniture,Makassar,E-Wallet,42349.75,2,0.2,23211.38
2025-08-19,Rice,Electronics,Jakarta,E-Wallet,45951.88,8,0.19,6193.17
2025-08-20,Mouse,Electronics,Makassar,Transfer,35318.54,8,0.17,16499.54
2025-08-21,Phone,Food,Makassar,E-Wallet,43335.6,17,0.23,11471.97
2025-08-22,Shirt,Clothing,Jakarta,E-Wallet,55659.51,15,0.06,10289.57
2025-08-23,Tablet,Accessories,Bandung,Transfer,61354.83,17,0.22,12714.68
2025-08-24,Shirt,Furniture,Jakarta,E-Wallet,36167.52,13,0.19,15273.4
2025-08-25,Desk,Furniture,Surabaya,Credit Card,63044.09,19,0.27,15495.35
2025-08-26,Tablet,Food,Medan,E-Wallet,70334.57,5,0.25,7413.47
2025-08-27,Mouse,Accessories,Jakarta,Cash,56201.52,12,0.09,12294.58
2025-08-28,Chair,Food,Jakarta,Transfer,78151.94,1,0.08,16406.11
2025-08-29,Pants,Electronics,Jakarta,Cash,38393.16,5,0.29,10615.35
2025-08-30,Laptop,Clothing,Medan,Credit Card,31330.18,8,0.16,9426.08
2025-08-31,Keyboard,Clothing,Bandung,Cash,23319.2,13,0.27,3719.34
2025-09-01,Tablet,Electronics,Bandung,Transfer,,8,0.05,11684.03
2025-09-02,Rice,Accessories,Medan,E-Wallet,59815.48,11,0.19,9251.85
2025-09-03,Laptop,Furniture,Medan,E-Wallet,49166.23,1,0.24,10080.34
2025-09-04,Mouse,Clothing,Bandung,E-Wallet,54199.53,13,0.28,13640.9
2025-09-05,Tablet,Clothing,Surabaya,E-Wallet,33117.66,19,0.1,12000.86
2025-09-06,Mouse,Clothing,Surabaya,Cash,86686.28,3,0.22,9168.81
2025-09-07,Mouse,Clothing,Surabaya,Credit Card,51938.32,17,0.16,4420.79
2025-09-08,Keyboard,Electronics,Medan,E-Wallet,51640.92,5,0.02,16511.56
2025-09-09,Pants,Electronics,Medan,E-Wallet,60886.5,8,0.21,18764.14
2025-09-10,Mouse,Clothing,Jakarta,Transfer,57215.14,14,0.21,13016.28
2025-09-11,Keyboard,Accessories,Jakarta,Cash,53358.26,4,0.28,13671.12
2025-09-12,Laptop,Electronics,Makassar,E-Wallet,38142.88,11,0.15,15014.05
2025-09-13,Rice,Clothing,Surabaya,Cash,57072.03,15,0.07,22893.92
2025-09-14,Mouse,Accessories,Surabaya,Cash,78230.37,19,0.01,7161.46
2025-09-15,Mouse,Furniture,Makassar,Transfer,70181.3,7,0.12,12927.55
2025-09-16,Desk,Clothing,Bandung,Cash,73897.8,19,0.09,6390.14
2025-09-17,Shirt,Furniture,Medan,E-Wallet,42331.76,19,0.23,16811.59
2025-09-18,Tablet,Clothing,Jakarta,E-Wallet,35155.93,11,0.11,14280.21
2025-09-19,Rice,Furniture,Jakarta,Credit Card,48113.2,5,0.28,16014.96
2025-09-20,Desk,Food,Surabaya,E-Wallet,50835.87,5,0.29,15765.61
2025-09-21,Tablet,Furniture,Jakarta,Cash,66412.87,8,0.19,19953.54
2025-09-22,Rice,Clothing,Medan,E-Wallet,24613.03,10,0.28,17690.66
2025-09-23,Phone,Food,Surabaya,E-Wallet,72943.25,6,0.23,19152.54
2025-09-24,Laptop,Clothing,Surabaya,E-Wallet,47629.88,15,0.16,9672.33
2025-09-25,Laptop,Food,Makassar,E-Wallet,43596.78,16,0.05,20965.85
2025-09-26,Pants,Furniture,Medan,Cash,34818.43,17,0.14,11388.19
2025-09-27,Keyboard,Food,Makassar,Credit Card,25177.15,8,0.17,11675.65
2025-09-28,Shirt,Accessories,Jakarta,E-Wallet,62347.56,8,0.26,16354.21
2025-09-29,Shirt,Clothing,Makassar,E-Wallet,51099.77,9,0.14,16509.59
2025-09-30,Mouse,Food,Makassar,Cash,30650.59,2,0.27,9640.72
2025-10-01,Mouse,Electronics,Jakarta,Transfer,30573.82,15,0.2,14133.6
2025-10-02,Mouse,Clothing,Surabaya,Transfer,44963.23,18,0.04,22441.18
2025-10-03,Desk,Clothing,Jakarta,Credit Card,75035.32,3,0.3,7658.32
2025-10-04,Tablet,Food,Jakarta,Cash,46106.13,17,0.16,22426.1
2025-10-05,Rice,Electronics,Jakarta,Transfer,27452.86,4,0.12,13791.51
2025-10-06,Shirt,Electronics,Bandung,Cash,46313.85,4,0.2,3311.23
2025-10-07,Phone,Clothing,Jakarta,Credit Card,45909.15,14,0.03,8166.34
2025-10-08,Shirt,Food,Medan,Credit Card,9546.7,9,0.19,10182.61
2025-10-09,Desk,Clothing,Medan,E-Wallet,49185.58,9,0.15,11880.35
2025-10-10,Mouse,Food,Medan,Cash,46535.98,18,0.12,14476.43
2025-10-11,Rice,Clothing,Makassar,Transfer,60443.1,10,0.29,1482.6
2025-10-12,Chair,Electronics,Bandung,E-Wallet,77734.34,4,0.16,15934.02
2025-10-13,Keyboard,Clothing,Makassar,Credit Card,66898.48,12,0.07,9724.55
2025-10-14,Rice,Furniture,Surabaya,Credit Card,45966.67,8,0.14,21952.61
2025-10-15,Rice,Clothing,Makassar,E-Wallet,33402.11,2,0.28,13649.12
2025-10-16,Phone,Electronics,Bandung,E-Wallet,88600.4,13,0.05,19714.23
2025-10-17,Pants,Clothing,Bandung,Transfer,50888.28,16,0.06,20551.74
2025-10-18,Pants,Furniture,Makassar,E-Wallet,50208.94,2,0.0,20416.37
2025-10-19,Chair,Clothing,Medan,E-Wallet,49638.12,11,0.0,12167.97
2025-10-20,Rice,Food,Makassar,E-Wallet,52971.27,10,0.25,12104.0
2025-10-21,Desk,Food,Surabaya,E-Wallet,47834.59,15,0.22,13875.13
2025-10-22,Shirt,Clothing,Makassar,E-Wallet,41395.07,17,0.11,18181.19
2025-10-23,Desk,Food,Jakarta,Credit Card,41797.12,8,0.21,12446.52
2025-10-24,Rice,Accessories,Bandung,Cash,49508.7,18,0.12,14403.69
2025-10-25,Pants,Electronics,Makassar,Cash,41848.63,9,0.29,16367.97
2025-10-26,Mouse,Furniture,Jakarta,Cash,39307.31,8,0.29,10475.54
2025-10-27,Mouse,Food,Jakarta,E-Wallet,51596.45,14,0.12,10159.46
2025-10-28,Rice,Food,Makassar,E-Wallet,46175.34,18,0.26,14208.68
2025-10-29,Tablet,Accessories,Medan,Cash,72559.89,12,0.23,14870.89
2025-10-30,Laptop,Accessories,Bandung,Cash,10235.45,19,0.09,17169.43
2025-10-31,Desk,Clothing,Bandung,Transfer,66372.6,14,0.07,18359.43
2025-11-01,Keyboard,Electronics,Bandung,Credit Card,68691.28,17,0.14,9504.69
2025-11-02,Keyboard,Accessories,Bandung,Transfer,18899.15,3,0.23,10939.58
2025-11-03,Shirt,Clothing,Bandung,Cash,44859.69,7,0.29,10146.24
2025-11-04,Keyboard,Food,Jakarta,Cash,44428.39,17,0.23,22062.24
2025-11-05,Laptop,Furniture,Bandung,Cash,28887.32,12,0.26,14398.65
2025-11-06,Keyboard,Food,Medan,Credit Card,38332.75,9,0.18,15080.65
2025-11-07,Laptop,Electronics,Makassar,E-Wallet,33341.36,15,0.25,15288.87
2025-11-08,Keyboard,Food,Makassar,Transfer,76284.06,18,0.24,11421.65
2025-11-09,Mouse,Furniture,Surabaya,Credit Card,64035.18,13,0.11,22821.35
2025-11-10,Tablet,Clothing,Jakarta,Cash,69073.33,8,0.17,17055.13
2025-11-11,Keyboard,Clothing,Surabaya,E-Wallet,60825.08,14,0.24,15197.95
2025-11-12,Tablet,Food,Makassar,E-Wallet,33064.22,8,0.01,9473.72
2025-11-13,Desk,Electronics,Medan,Cash,42132.2,14,0.24,9190.34
2025-11-14,Shirt,Accessories,Surabaya,E-Wallet,57340.62,7,0.05,13455.46
2025-11-15,Chair,Electronics,Medan,E-Wallet,31668.08,12,0.15,11500.04
2025-11-16,Shirt,Food,Jakarta,Credit Card,60694.98,11,0.24,9662.78
2025-11-17,Desk,Electronics,Medan,Credit Card,46395.12,11,0.08,13145.21
2025-11-18,Shirt,Clothing,Jakarta,E-Wallet,44377.69,13,0.07,13917.86
2025-11-19,Shirt,Clothing,Jakarta,Cash,60664.4,18,0.12,15708.93
2025-11-20,Chair,Clothing,Surabaya,Credit Card,56663.95,2,0.27,12480.4
2025-11-21,Shirt,Food,Bandung,Cash,44585.51,15,0.0,9962.0
2025-11-22,Pants,Clothing,Makassar,Credit Card,67389.95,18,0.27,10135.4
2025-11-23,Rice,Food,Medan,Credit Card,33784.05,15,0.05,21064.86
2025-11-24,Phone,Food,Medan,Cash,59239.03,19,0.3,8741.21
2025-11-25,Mouse,Electronics,Surabaya,Transfer,58896.52,12,0.29,16815.91
2025-11-26,Shirt,Accessories,Surabaya,Transfer,45356.8,13,0.15,17597.73
2025-11-27,Keyboard,Electronics,Medan,Cash,54892.0,11,0.15,14393.62
2025-11-28,Shirt,Furniture,Medan,Cash,31233.3,5,0.14,23839.15
2025-11-29,Desk,Clothing,Bandung,Credit Card,63860.41,1,0.19,17508.59
2025-11-30,Keyboard,Clothing,Surabaya,Cash,47226.47,3,0.03,24214.52
2025-12-01,Laptop,Furniture,Jakarta,Cash,42159.15,19,0.01,11744.68
2025-12-02,Desk,Electronics,Makassar,E-Wallet,,7,0.02,11830.27
2025-12-03,Desk,Furniture,Medan,E-Wallet,39434.84,12,0.13,17637.69
2025-12-04,Keyboard,Furniture,Bandung,Transfer,28873.08,15,0.08,13692.67
2025-12-05,Pants,Electronics,Makassar,Cash,26650.56,5,0.19,23428.33
2025-12-06,Laptop,Furniture,Surabaya,E-Wallet,59090.15,15,0.3,16708.5
2025-12-07,Phone,Clothing,Bandung,E-Wallet,30793.56,8,0.12,9777.13
2025-12-08,Mouse,Clothing,Makassar,Transfer,76321.91,10,0.17,6315.92
2025-12-09,Pants,Accessories,Makassar,Transfer,18771.06,16,0.12,14608.81
2025-12-10,Desk,Accessories,Surabaya,E-Wallet,75446.85,8,0.25,14554.38
2025-12-11,Chair,Clothing,Bandung,Transfer,53165.26,1,0.27,16568.83
2025-12-12,Chair,Furniture,Bandung,Cash,48549.3,12,0.26,21053.45
2025-12-13,Rice,Furniture,Surabaya,Cash,41826.21,5,0.29,20395.57
2025-12-14,Pants,Accessories,Medan,Transfer,55987.04,3,0.01,12105.49
2025-12-15,Mouse,Clothing,Bandung,E-Wallet,49435.48,1,0.25,8530.9
2025-12-16,Pants,Furniture,Medan,Credit Card,66549.53,4,0.23,8829.39
2025-12-17,Keyboard,Food,Jakarta,Credit Card,51713.41,8,0.07,11315.99
2025-12-18,Chair,Food,Surabaya,Cash,52254.53,3,0.29,13166.34
2025-12-19,Keyboard,Furniture,Makassar,Transfer,44545.82,10,0.04,16525.31
2025-12-20,Phone,Accessories,Makassar,Transfer,49145.82,2,0.2,10995.16
2025-12-21,Phone,Clothing,Medan,E-Wallet,54617.03,11,0.07,16401.96
2025-12-22,Chair,Food,Makassar,Cash,24347.47,10,0.13,16810.2
2025-12-23,Chair,Electronics,Bandung,Cash,29777.22,14,0.22,15716.72
2025-12-24,Pants,Food,Makassar,E-Wallet,61148.96,7,0.17,9356.89
2025-12-25,Tablet,Food,Jakarta,Credit Card,52562.98,2,0.13,17339.13
2025-12-26,Desk,Clothing,Makassar,Cash,47240.25,9,0.1,25406.35
2025-12-27,Rice,Furniture,Jakarta,Cash,50276.51,16,0.25,16229.48
2025-12-28,Shirt,Furniture,Makassar,E-Wallet,55213.73,13,0.04,234.62
2025-12-29,Chair,Accessories,Medan,E-Wallet,41903.6,9,0.13,21204.4
2025-12-30,Mouse,Food,Surabaya,E-Wallet,38325.43,4,0.27,11486.26
2025-12-31,Tablet,Electronics,Medan,E-Wallet,52937.68,10,0.25,26328.56
2026-01-01,Laptop,Accessories,Surabaya,Transfer,35324.41,12,0.12,15581.82
2026-01-02,Chair,Clothing,Surabaya,E-Wallet,56123.79,17,0.23,6576.5
2026-01-03,Phone,Food,Medan,Cash,24461.25,14,0.25,4676.51
2026-01-04,Phone,Clothing,Bandung,E-Wallet,65437.33,14,0.27,22698.7
2026-01-05,Pants,Furniture,Surabaya,E-Wallet,57088.96,2,0.16,20529.52
2026-01-06,Chair,Accessories,Makassar,E-Wallet,53840.45,11,0.06,26130.09
2026-01-07,Mouse,Food,Makassar,Transfer,64740.36,16,0.08,15054.62
2026-01-08,Rice,Electronics,Medan,Credit Card,74982.12,19,0.09,14717.35
2026-01-09,Mouse,Accessories,Medan,Credit Card,65215.55,6,0.18,13086.41
2026-01-10,Desk,Clothing,Makassar,Credit Card,22386.89,19,0.01,11708.55
2026-01-11,Keyboard,Electronics,Surabaya,E-Wallet,30806.35,5,0.19,13037.85
2026-01-12,Tablet,Electronics,Surabaya,Cash,40627.72,4,0.11,16087.32
2026-01-13,Pants,Food,Medan,Credit Card,50391.37,15,0.09,10780.5
2026-01-14,Mouse,Furniture,Makassar,Credit Card,57764.89,4,0.26,6653.55
2026-01-15,Phone,Electronics,Jakarta,Cash,39113.84,10,0.14,15799.38
2026-01-16,Laptop,Electronics,Makassar,Transfer,52801.5,3,0.03,10669.02
2026-01-17,Desk,Accessories,Makassar,E-Wallet,38669.26,5,0.25,-1197.19
2026-01-18,Desk,Clothing,Surabaya,Cash,40827.23,6,0.01,17762.84
2026-01-19,Desk,Furniture,Surabaya,Credit Card,28900.08,8,0.22,9459.7
2026-01-20,Tablet,Furniture,Medan,Cash,36151.5,7,0.23,18308.95
2026-01-21,Desk,Accessories,Makassar,E-Wallet,29724.73,10,0.11,18189.24
2026-01-22,Rice,Electronics,Medan,Transfer,35361.9,6,0.25,16417.95
2026-01-23,Desk,Accessories,Bandung,Credit Card,65804.63,14,0.15,27484.09
2026-01-24,Tablet,Food,Makassar,Cash,35759.02,4,0.14,14309.74
2026-01-25,Chair,Clothing,Surabaya,E-Wallet,89485.73,13,0.01,13571.8
2026-01-26,Tablet,Furniture,Jakarta,Transfer,57399.77,17,0.09,18418.36
2026-01-27,Chair,Food,Makassar,Cash,52772.54,7,0.28,14722.76
2026-01-28,Keyboard,Clothing,Surabaya,Credit Card,37124.63,4,0.12,20802.47
2026-01-29,Keyboard,Electronics,Medan,Credit Card,60504.65,14,0.16,8655.97
2026-01-30,Chair,Electronics,Makassar,E-Wallet,41365.43,3,0.16,8739.13
2026-01-31,Laptop,Accessories,Makassar,Credit Card,51830.15,5,0.18,18829.05
2026-02-01,Desk,Electronics,Makassar,Cash,88401.27,16,0.02,9175.95
2026-02-02,Phone,Clothing,Jakarta,Transfer,48559.1,4,0.11,18045.49
2026-02-03,Shirt,Accessories,Bandung,Credit Card,67239.1,2,0.22,16850.01
2026-02-04,Rice,Electronics,Medan,Cash,39452.35,18,0.06,11527.56
2026-02-05,Laptop,Electronics,Surabaya,Transfer,49475.17,19,0.06,16835.85
2026-02-06,Desk,Food,Makassar,E-Wallet,76562.01,19,0.0,8827.04
2026-02-07,Rice,Accessories,Bandung,E-Wallet,40595.49,17,0.13,10000.5
2026-02-08,Shirt,Accessories,Bandung,Credit Card,77186.73,14,0.26,13814.06
2026-02-09,Chair,Food,Bandung,Transfer,60616.28,19,0.02,15394.64
2026-02-10,Mouse,Furniture,Makassar,Transfer,41563.0,13,0.06,13481.81
2026-02-11,Pants,Clothing,Surabaya,Credit Card,59486.12,12,0.09,17165.58
2026-02-12,Keyboard,Accessories,Jakarta,E-Wallet,64588.32,6,0.22,16942.33
2026-02-13,Shirt,Food,Bandung,E-Wallet,59327.15,4,0.19,22646.83
2026-02-14,Mouse,Food,Makassar,Credit Card,26446.63,19,0.12,14523.57
2026-02-15,Pants,Clothing,Jakarta,Transfer,39092.94,16,0.23,
2026-02-16,Mouse,Clothing,Makassar,E-Wallet,46287.22,13,0.18,19603.63
2026-02-17,Tablet,Accessories,Makassar,E-Wallet,48883.5,4,0.27,26469.89
2026-02-18,Mouse,Clothing,Surabaya,Credit Card,59310.08,17,0.25,14363.71
2026-02-19,Shirt,Electronics,Bandung,Credit Card,52665.52,1,0.08,12898.21
2026-02-20,Pants,Furniture,Bandung,Transfer,29969.83,18,0.08,21288.47
2026-02-21,Desk,Food,Surabaya,Credit Card,55702.97,17,0.04,16927.16
2026-02-22,Tablet,Furniture,Bandung,Credit Card,,15,0.1,21408.3
2026-02-23,Pants,Clothing,Bandung,Credit Card,58396.86,11,0.3,18583.99
2026-02-24,Keyboard,Accessories,Medan,Credit Card,66211.71,13,0.12,4466.19
2026-02-25,Tablet,Electronics,Makassar,Cash,62508.83,1,0.07,16881.61
2026-02-26,Tablet,Clothing,Medan,Transfer,56887.7,17,0.23,16556.08
2026-02-27,Keyboard,Furniture,Surabaya,E-Wallet,48947.51,6,0.16,15665.53
2026-02-28,Tablet,Food,Bandung,Transfer,25085.59,4,0.04,14338.78
2026-03-01,Pants,Furniture,Surabaya,Credit Card,56444.27,16,0.11,7039.28
2026-03-02,Keyboard,Accessories,Bandung,Credit Card,,15,0.12,19370.88
2026-03-03,Laptop,Food,Surabaya,Credit Card,54073.68,15,0.23,16868.84
2026-03-04,Pants,Furniture,Jakarta,Credit Card,30848.77,6,0.01,20509.78
2026-03-05,Phone,Accessories,Surabaya,Transfer,33784.15,15,0.08,7306.22
2026-03-06,Shirt,Food,Medan,Cash,65797.29,14,0.16,17535.67
2026-03-07,Laptop,Electronics,Medan,Cash,49406.67,11,0.08,13826.7
2026-03-08,Rice,Food,Makassar,Transfer,60222.51,7,0.19,15718.94
2026-03-09,Phone,Furniture,Makassar,Transfer,50424.78,9,0.14,13884.2
2026-03-10,Desk,Food,Medan,Credit Card,50446.34,16,0.11,17718.04
2026-03-11,Keyboard,Electronics,Bandung,Transfer,64074.26,5,0.28,14185.63
2026-03-12,Keyboard,Food,Medan,Credit Card,42259.33,10,0.19,9740.43
2026-03-13,Mouse,Accessories,Medan,Transfer,51441.81,18,0.04,15432.13
2026-03-14,Pants,Furniture,Medan,Credit Card,43065.87,3,0.17,13929.13
2026-03-15,Shirt,Accessories,Surabaya,Transfer,43482.56,13,0.23,14583.03
2026-03-16,Keyboard,Food,Bandung,Cash,45362.42,11,0.21,-939.06
2026-03-17,Keyboard,Clothing,Makassar,Credit Card,53332.01,17,0.05,18413.18
2026-03-18,Chair,Accessories,Medan,E-Wallet,42818.77,13,0.29,13426.68
2026-03-19,Tablet,Food,Bandung,Cash,68836.34,6,0.13,8259.23
2026-03-20,Desk,Food,Bandung,Cash,36580.89,17,0.05,19612.82
2026-03-21,Mouse,Food,Bandung,E-Wallet,47196.93,13,0.05,18181.83
2026-03-22,Phone,Clothing,Jakarta,Cash,43404.03,19,0.03,13363.4
2026-03-23,Tablet,Furniture,Bandung,Transfer,71704.67,19,0.24,9239.15
2026-03-24,Rice,Food,Bandung,Credit Card,52948.32,10,0.04,15890.15
2026-03-25,Laptop,Electronics,Medan,Transfer,65477.67,3,0.04,15615.53
2026-03-26,Laptop,Clothing,Makassar,Transfer,27716.59,14,0.26,19621.67
2026-03-27,Keyboard,Clothing,Makassar,E-Wallet,54005.75,19,0.1,12781.32
2026-03-28,Desk,Furniture,Makassar,E-Wallet,63344.46,5,0.01,20974.61
2026-03-29,Chair,Food,Surabaya,Transfer,51234.26,5,0.02,12298.73
2026-03-30,Laptop,Furniture,Surabaya,Transfer,65982.21,17,0.04,8270.84
2026-03-31,Chair,Accessories,Surabaya,Cash,42240.67,10,0.06,9338.59
2026-04-01,Chair,Accessories,Bandung,Credit Card,71140.21,5,0.2,14687.94
2026-04-02,Chair,Food,Bandung,E-Wallet,84483.47,4,0.05,14672.43
2026-04-03,Phone,Food,Makassar,Transfer,44557.42,6,0.04,16639.31
2026-04-04,Mouse,Food,Bandung,Credit Card,43317.46,4,0.23,14548.13
2026-04-05,Laptop,Clothing,Medan,Cash,71800.77,7,0.2,19886.59
2026-04-06,Keyboard,Electronics,Makassar,Cash,73693.58,7,0.13,13694.53
2026-04-07,Chair,Electronics,Bandung,Transfer,42157.1,18,0.16,5018.62
2026-04-08,Shirt,Electronics,Surabaya,Cash,43697.2,3,0.09,14394.52
2026-04-09,Mouse,Electronics,Surabaya,E-Wallet,45773.23,1,0.14,4966.11
2026-04-10,Keyboard,Clothing,Surabaya,Cash,29833.24,4,0.15,16356.95
2026-04-11,Desk,Electronics,Makassar,Cash,36220.22,6,0.12,20285.96
2026-04-12,Pants,Electronics,Medan,Cash,34937.89,9,0.27,10068.88
2026-04-13,Phone,Accessories,Surabaya,Credit Card,38483.04,14,0.0,22092.78
2026-04-14,Tablet,Food,Makassar,Credit Card,49479.73,12,0.23,19214.16
2026-04-15,Desk,Food,Surabaya,Credit Card,53513.22,4,0.04,21032.4
2026-04-16,Shirt,Food,Medan,Transfer,73257.51,12,0.24,
2026-04-17,Rice,Clothing,Jakarta,E-Wallet,35024.69,10,0.18,10036.17
2026-04-18,Chair,Food,Surabaya,Credit Card,64764.84,7,0.25,18904.08
2026-04-19,Desk,Clothing,Medan,Credit Card,46790.17,3,0.03,11877.0
2026-04-20,Mouse,Electronics,Surabaya,Transfer,49258.04,14,0.17,15589.42
2026-04-21,Phone,Accessories,Medan,E-Wallet,60122.29,10,0.15,14143.25
2026-04-22,Chair,Electronics,Surabaya,E-Wallet,33159.17,16,0.21,20623.48
2026-04-23,Desk,Accessories,Surabaya,Transfer,55736.15,16,0.16,18651.64
2026-04-24,Phone,Food,Jakarta,Credit Card,52496.78,10,0.16,14597.17
2026-04-25,Phone,Clothing,Jakarta,E-Wallet,57386.77,13,0.13,5241.96
2026-04-26,Mouse,Electronics,Jakarta,Credit Card,54337.53,6,0.09,11823.86
2026-04-27,Mouse,Electronics,Makassar,Transfer,86829.5,12,0.14,18521.11
2026-04-28,Desk,Accessories,Bandung,Transfer,40433.9,9,0.04,16400.55
2026-04-29,Chair,Food,Surabaya,Cash,42035.05,13,0.29,7483.89
2026-04-30,Keyboard,Furniture,Bandung,Transfer,40652.89,4,0.21,5967.06
2026-05-01,Pants,Furniture,Bandung,Transfer,41667.84,11,0.29,15977.55
2026-05-02,Tablet,Accessories,Bandung,Cash,40439.19,18,0.07,9714.71
2026-05-03,Phone,Accessories,Surabaya,Cash,67835.25,11,0.26,10196.02
2026-05-04,Tablet,Clothing,Jakarta,Transfer,71307.56,4,0.24,18363.04
2026-05-05,Phone,Furniture,Medan,Credit Card,41438.81,18,0.2,21011.19
2026-05-06,Tablet,Furniture,Surabaya,Credit Card,37514.67,1,0.19,11246.49
2026-05-07,Rice,Clothing,Jakarta,Transfer,57071.23,7,0.09,14776.2
2026-05-08,Shirt,Accessories,Medan,Credit Card,41716.65,6,0.24,14628.77
2026-05-09,Pants,Clothing,Jakarta,Credit Card,59493.98,15,0.15,14178.98
2026-05-10,Pants,Food,Jakarta,Cash,53043.85,18,0.02,15202.99
2026-05-11,Chair,Clothing,Makassar,Transfer,27263.84,11,0.09,18782.49
2026-05-12,Rice,Accessories,Surabaya,Credit Card,73212.58,15,0.28,11630.38
2026-05-13,Chair,Electronics,Medan,Transfer,76938.17,16,0.26,7373.61
2026-05-14,Desk,Furniture,Bandung,E-Wallet,40808.17,7,0.29,23450.05
2026-05-15,Rice,Accessories,Makassar,Cash,44184.48,10,0.19,20447.11
2026-05-16,Rice,Accessories,Bandung,Transfer,54287.98,12,0.07,9481.81
2026-05-17,Desk,Electronics,Makassar,Transfer,55016.85,14,0.05,15678.16
2026-05-18,Mouse,Furniture,Makassar,Credit Card,59878.16,5,0.06,20053.51
2026-05-19,Tablet,Clothing,Makassar,Cash,80153.07,18,0.01,18745.22
2026-05-20,Tablet,Food,Jakarta,Transfer,47345.79,5,0.12,17310.07
2026-05-21,Laptop,Furniture,Surabaya,Credit Card,38025.54,3,0.06,14148.87
2026-05-22,Desk,Electronics,Bandung,E-Wallet,29310.21,5,0.12,23636.52
2026-05-23,Rice,Furniture,Medan,Credit Card,39036.05,17,0.28,16104.29
2026-05-24,Rice,Clothing,Surabaya,Cash,49503.1,19,0.13,12425.2
2026-05-25,Chair,Furniture,Makassar,E-Wallet,76918.37,19,0.26,19355.38
2026-05-26,Pants,Accessories,Bandung,Transfer,42235.83,12,0.18,15480.29
2026-05-27,Rice,Food,Makassar,E-Wallet,53356.82,9,0.07,16748.99
2026-05-28,Shirt,Clothing,Surabaya,E-Wallet,49753.66,1,0.11,16015.75
2026-05-29,Keyboard,Food,Bandung,Credit Card,67825.9,18,0.03,17483.88
2026-05-30,Pants,Electronics,Surabaya,Cash,,4,0.1,10107.72
2026-05-31,Laptop,Accessories,Bandung,Credit Card,42036.97,10,0.2,7744.47
2026-06-01,Laptop,Clothing,Bandung,Credit Card,42658.41,7,0.02,22170.66
2026-06-02,Rice,Clothing,Makassar,Credit Card,65662.41,1,0.06,16247.92
2026-06-03,Desk,Electronics,Medan,Transfer,60228.37,17,0.11,18854.24
2026-06-04,Tablet,Accessories,Surabaya,E-Wallet,77700.61,2,0.29,6201.2
2026-06-05,Rice,Electronics,Jakarta,Credit Card,58758.92,11,0.24,20333.42
2026-06-06,Keyboard,Clothing,Medan,Transfer,44610.62,9,0.22,12392.57
2026-06-07,Rice,Clothing,Makassar,Transfer,58859.82,7,0.03,10968.91
2026-06-08,Chair,Furniture,Bandung,Credit Card,66630.55,17,0.23,14683.13
2026-06-09,Desk,Accessories,Medan,E-Wallet,62307.23,17,0.24,10110.1
2026-06-10,Rice,Furniture,Makassar,Cash,57609.11,2,0.18,14991.34
2026-06-11,Mouse,Furniture,Makassar,Cash,66000.12,6,0.3,14318.31
2026-06-12,Chair,Furniture,Bandung,E-Wallet,67539.43,14,0.1,20301.98
2026-06-13,Mouse,Accessories,Jakarta,Cash,70732.38,6,0.28,22566.72
2026-06-14,Mouse,Accessories,Surabaya,Transfer,59730.65,2,0.27,22407.58
2026-06-15,Tablet,Furniture,Bandung,E-Wallet,47493.23,1,0.0,3677.43
2026-06-16,Chair,Accessories,Jakarta,Cash,52200.71,10,0.14,10324.17
2026-06-17,Laptop,Furniture,Medan,Credit Card,68097.63,5,0.29,3625.57
2026-06-18,Keyboard,Accessories,Makassar,Credit Card,37745.96,2,0.03,9032.29
2026-06-19,Laptop,Accessories,Jakarta,Credit Card,55530.1,16,0.16,11752.41
2026-06-20,Mouse,Clothing,Jakarta,E-Wallet,44099.92,2,0.29,17052.81
2026-06-21,Chair,Accessories,Surabaya,Credit Card,50431.17,10,0.17,12400.33
2026-06-22,Rice,Electronics,Medan,Transfer,69176.78,2,0.06,12539.65
2026-06-23,Keyboard,Food,Bandung,Credit Card,52866.49,16,0.17,15908.82
2026-06-24,Shirt,Furniture,Medan,Credit Card,50696.55,16,0.06,6453.45
2026-06-25,Tablet,Clothing,Bandung,Cash,29602.16,19,0.16,10807.03
2026-06-26,Laptop,Accessories,Makassar,Transfer,61193.8,7,0.02,12482.22
2026-06-27,Chair,Furniture,Medan,Cash,59682.26,12,0.18,13987.99
2026-06-28,Tablet,Food,Surabaya,Transfer,82448.82,15,0.16,15384.77
2026-06-29,Mouse,Furniture,Jakarta,Cash,45383.33,8,0.22,22503.25
2026-06-30,Chair,Food,Medan,Cash,53287.25,6,0.19,19541.68
2026-07-01,Desk,Electronics,Bandung,Transfer,53740.76,10,0.16,11153.45
2026-07-02,Mouse,Electronics,Surabaya,E-Wallet,73661.8,3,0.21,13693.35
2026-07-03,Tablet,Accessories,Bandung,E-Wallet,48570.57,19,0.04,13352.8
2026-07-04,Pants,Food,Makassar,E-Wallet,54185.32,17,0.18,12429.24
2026-07-05,Mouse,Furniture,Surabaya,Cash,59118.45,7,0.05,16362.58
2026-07-06,Keyboard,Clothing,Surabaya,Transfer,52799.14,4,0.28,5701.1
2026-07-07,Chair,Accessories,Jakarta,Transfer,43303.5,14,0.02,19403.57
2026-07-08,Laptop,Accessories,Bandung,Transfer,52911.35,15,0.13,23467.75
2026-07-09,Keyboard,Food,Makassar,Transfer,66104.48,8,0.21,13650.8
2026-07-10,Tablet,Furniture,Medan,E-Wallet,34602.27,15,0.14,13553.18
2026-07-11,Phone,Clothing,Makassar,Transfer,51994.55,14,0.03,15785.22
2026-07-12,Rice,Furniture,Bandung,Credit Card,39498.19,9,0.17,20096.93
2026-07-13,Chair,Electronics,Medan,Credit Card,67925.7,8,0.19,13378.53
2026-07-14,Chair,Furniture,Surabaya,Credit Card,27152.2,17,0.21,19669.73
2026-07-15,Laptop,Clothing,Medan,E-Wallet,41616.17,2,0.11,17442.47
2026-07-16,Mouse,Clothing,Jakarta,Cash,55658.18,3,0.17,26808.06
2026-07-17,Rice,Electronics,Medan,Credit Card,73482.86,8,0.14,13356.69
2026-07-18,Mouse,Electronics,Makassar,E-Wallet,49013.75,12,0.2,5120.0
2026-07-19,Laptop,Accessories,Medan,Credit Card,41672.01,1,0.18,7835.3
2026-07-20,Laptop,Electronics,Surabaya,Transfer,78217.36,10,0.16,15059.64
2026-07-21,Mouse,Food,Makassar,Cash,28279.79,3,0.07,20139.41
2026-07-22,Shirt,Furniture,Bandung,E-Wallet,17017.91,6,0.0,11737.45
2026-07-23,Laptop,Furniture,Makassar,E-Wallet,56600.22,7,0.05,13845.34
2026-07-24,Keyboard,Furniture,Medan,Transfer,42469.19,18,0.04,18424.21
2026-07-25,Rice,Furniture,Makassar,E-Wallet,34681.51,11,0.13,10173.84
2026-07-26,Tablet,Food,Makassar,E-Wallet,60625.35,19,0.18,11943.65
2026-07-27,Rice,Clothing,Medan,Credit Card,53657.01,5,0.06,9161.37
2026-07-28,Tablet,Furniture,Bandung,Cash,41538.82,19,0.28,20891.14
2026-07-29,Phone,Food,Surabaya,Cash,30795.43,11,0.0,22708.36
2026-07-30,Phone,Furniture,Bandung,Transfer,63086.86,12,0.23,7102.93
2026-07-31,Tablet,Furniture,Bandung,Cash,59753.02,10,0.19,14289.07
2026-08-01,Rice,Furniture,Bandung,Transfer,48512.36,8,0.11,22036.29
2026-08-02,Phone,Food,Makassar,Cash,77699.55,9,0.02,16993.48
2026-08-03,Pants,Accessories,Makassar,Transfer,33948.73,4,0.19,12553.8
2026-08-04,Phone,Clothing,Bandung,Transfer,27117.12,5,0.12,7269.19
2026-08-05,Keyboard,Food,Makassar,E-Wallet,39621.38,8,0.28,20764.72
2026-08-06,Desk,Electronics,Makassar,Credit Card,49316.21,9,0.16,16802.58
2026-08-07,Mouse,Accessories,Bandung,Cash,53650.09,15,0.28,7635.07
2026-08-08,Laptop,Clothing,Bandung,E-Wallet,46381.46,15,0.07,20949.46
2026-08-09,Pants,Electronics,Makassar,Credit Card,55280.83,16,0.22,6997.98
2026-08-10,Keyboard,Electronics,Bandung,E-Wallet,31226.91,14,0.19,13897.57
2026-08-11,Shirt,Electronics,Bandung,Credit Card,71656.47,8,0.22,13676.93
2026-08-12,Rice,Electronics,Jakarta,E-Wallet,48767.73,18,0.06,23091.91
2026-08-13,Shirt,Food,Medan,Transfer,66759.44,10,0.2,13694.77
2026-08-14,Shirt,Food,Jakarta,Cash,55140.88,6,0.15,13676.79
2026-08-15,Desk,Food,Surabaya,E-Wallet,56851.3,12,0.22,8184.61
2026-08-16,Rice,Accessories,Bandung,Credit Card,58546.51,2,0.1,11798.01
2026-08-17,Pants,Accessories,Jakarta,Transfer,56715.63,7,0.27,10913.52
2026-08-18,Desk,Clothing,Jakarta,Credit Card,59640.84,16,0.03,11173.89
2026-08-19,Chair,Furniture,Bandung,Credit Card,69937.29,3,0.24,15031.42
2026-08-20,Desk,Clothing,Medan,Credit Card,52947.82,13,0.26,2829.12
2026-08-21,Pants,Accessories,Makassar,Cash,60635.06,3,0.25,7448.85
2026-08-22,Shirt,Clothing,Surabaya,Transfer,48653.96,18,0.15,14444.91
2026-08-23,Rice,Accessories,Bandung,Cash,71601.76,11,0.13,15606.27
2026-08-24,Keyboard,Electronics,Makassar,Cash,39854.12,8,0.3,13832.84
2026-08-25,Desk,Food,Medan,Cash,77014.11,6,0.07,14796.03
2026-08-26,Shirt,Clothing,Makassar,Credit Card,49397.63,1,0.16,12954.42
2026-08-27,Shirt,Accessories,Surabaya,Transfer,28538.37,1,0.2,14907.48
2026-08-28,Rice,Clothing,Medan,Transfer,51921.57,8,0.21,17170.71
2026-08-29,Tablet,Accessories,Medan,Cash,39784.23,5,0.06,17135.67
2026-08-30,Desk,Electronics,Makassar,Transfer,62609.65,16,0.2,11555.21
2026-08-31,Pants,Food,Jakarta,Credit Card,40210.64,11,0.25,19575.47
2026-09-01,Rice,Accessories,Jakarta,Credit Card,43307.25,5,0.02,15785.54
2026-09-02,Laptop,Accessories,Bandung,E-Wallet,21656.89,4,0.27,21161.07
2026-09-03,Rice,Furniture,Jakarta,E-Wallet,43215.41,6,0.01,22164.36
2026-09-04,Mouse,Furniture,Makassar,Transfer,13641.81,14,0.11,7786.37
2026-09-05,Rice,Clothing,Medan,E-Wallet,26241.46,19,0.0,10704.86
2026-09-06,Keyboard,Food,Surabaya,Transfer,61406.22,9,0.02,19067.74
2026-09-07,Tablet,Accessories,Surabaya,Transfer,61787.0,12,0.27,6675.54
2026-09-08,Laptop,Electronics,Medan,E-Wallet,56381.86,11,0.11,22100.88
2026-09-09,Mouse,Accessories,Jakarta,Transfer,35495.36,14,0.13,13280.59
2026-09-10,Laptop,Furniture,Bandung,Transfer,49284.33,16,0.06,17875.17
2026-09-11,Desk,Furniture,Bandung,Cash,49945.96,1,0.18,14418.05
2026-09-12,Desk,Furniture,Makassar,Transfer,32624.53,13,0.18,8038.05
2026-09-13,Tablet,Electronics,Jakarta,E-Wallet,72550.97,13,0.11,20277.72
2026-09-14,Keyboard,Food,Bandung,Transfer,63160.43,2,0.1,28753.62
2026-09-15,Rice,Clothing,Jakarta,E-Wallet,46685.54,4,0.27,12424.96
2026-09-16,Shirt,Food,Makassar,Cash,50403.29,6,0.11,13388.21
2026-09-17,Chair,Accessories,Jakarta,Credit Card,53125.74,5,0.15,1754.5
2026-09-18,Tablet,Food,Bandung,Credit Card,19373.98,3,0.08,21757.51
2026-09-19,Keyboard,Electronics,Makassar,Cash,46292.34,1,0.24,19558.83
2026-09-20,Pants,Clothing,Bandung,E-Wallet,39770.24,4,0.12,6333.08
2026-09-21,Desk,Furniture,Makassar,Credit Card,34975.7,2,0.15,4675.57
2026-09-22,Laptop,Clothing,Bandung,Credit Card,45783.5,5,0.08,5253.84
2026-09-23,Keyboard,Electronics,Makassar,Cash,76965.3,3,0.3,18225.85
2026-09-24,Shirt,Accessories,Medan,Credit Card,59612.64,9,0.09,18724.96
2026-09-25,Desk,Clothing,Makassar,E-Wallet,41432.32,6,0.23,10383.33
2026-09-26,Tablet,Accessories,Surabaya,Transfer,58588.74,18,0.13,17496.3
